frame_id,timestamp,contact_id,x,y,force
0,1747314994.189481
1,1747314994.217495
2,1747314994.2542777
3,1747314994.2591057
4,1747314994.263698
5,1747314994.2687101
6,1747314994.273718
7,1747314994.2817335
8,1747314994.2862933
9,1747314994.2965484
10,1747314994.3015854
11,1747314994.309698
12,1747314994.3141966
13,1747314994.3187473
14,1747314994.3322904
15,1747314994.3375354
16,1747314994.3420382
17,1747314994.3503184
18,1747314994.3553948
19,1747314994.365682
20,1747314994.3696954
21,1747314994.378696
22,1747314994.3829112
23,1747314994.3879223
24,1747314994.401749
25,1747314994.406257
26,1747314994.4146976
27,1747314994.4199493
28,1747314994.4291806
29,1747314994.4377131
30,1747314994.4423428
31,1747314994.4476757
32,1747314994.4527233
33,1747314994.456882
34,1747314994.4704018
35,1747314994.4749541
36,1747314994.4804182
37,1747314994.488572
38,1747314994.4987369
39,1747314994.5028198
40,1747314994.511278
41,1747314994.5167317
42,1747314994.5212655
43,1747314994.534333
44,1747314994.5391154
45,1747314994.5441275
46,1747314994.552688
47,1747314994.5572736
48,1747314994.5672588
49,1747314994.5717607
50,1747314994.5802593
51,1747314994.5856473
52,1747314994.5892165
53,1747314994.603969
54,1747314994.6084728
55,1747314994.612983
56,1747314994.6213508
57,1747314994.6271179
58,1747314994.6396322
59,1747314994.6447713
60,1747314994.649276
61,1747314994.6584804
62,1747314994.667989
63,1747314994.6724923
64,1747314994.6776035
65,1747314994.682112
66,1747314994.690621
67,1747314994.6951263
68,1747314994.708471
69,1747314994.7139766
70,1747314994.7216463
71,1747314994.7266665
72,1747314994.7316298
73,1747314994.7456465
74,1747314994.7503414
75,1747314994.7548447
76,1747314994.7594802
77,1747314994.7684882
78,1747314994.7779126
79,1747314994.7867541
80,1747314994.7909057
81,1747314994.7963488
82,1747314994.8089688
83,1747314994.8145072
84,1747314994.8185658
85,1747314994.823641
86,1747314994.83206
87,1747314994.8423452
88,1747314994.8508534
89,1747314994.855856
90,1747314994.86096
91,1747314994.8654618
92,1747314994.8753867
93,1747314994.8804092
94,1747314994.8849766
95,1747314994.892993
96,1747314994.8983319
97,1747314994.9033382
98,1747314994.9123514
99,1747314994.9208577
100,1747314994.9260583
101,1747314994.9311774
102,1747314994.935228
103,1747314994.9488502
104,1747314994.9535415
105,1747314994.9623795
106,1747314994.967389
107,1747314994.9764116
108,1747314994.9849148
109,1747314994.9904172
110,1747314994.9954212
111,1747314994.9990416
112,1747314995.0045545
113,1747314995.018218
114,1747314995.0227182
115,1747314995.0317404
116,1747314995.0357502
117,1747314995.045793
118,1747314995.0503669
119,1747314995.0588706
120,1747314995.063875
121,1747314995.06838
122,1747314995.0821521
123,1747314995.086794
124,1747314995.095962
125,1747314995.1004896
126,1747314995.1048107
127,1747314995.1182008
128,1747314995.1237073
129,1747314995.1278212
130,1747314995.1370502
131,1747314995.141156
132,1747314995.151742
133,1747314995.1558588
134,1747314995.1607728
135,1747314995.168889
136,1747314995.1739028
137,1747314995.1870549
138,1747314995.1926086
139,1747314995.1971118
140,1747314995.2056522
141,1747314995.2155256
142,1747314995.2205389
143,1747314995.224653
144,1747314995.2336676
145,1747314995.237984
146,1747314995.2429967
147,1747314995.2565014
148,1747314995.2615023
149,1747314995.2660046
150,1747314995.2710106
151,1747314995.2790167
152,1747314995.289535
153,1747314995.2975378
154,1747314995.3027017
155,1747314995.3072715
156,1747314995.320332
157,1747314995.3256435
158,1747314995.3306527
159,1747314995.3351762
160,1747314995.343016
161,1747314995.3531144
162,1747314995.357925
163,1747314995.3669455
164,1747314995.3713064
165,1747314995.376333
166,1747314995.3889346
167,1747314995.3939576
168,1747314995.403067
169,1747314995.4073973
170,1747314995.4124074
171,1747314995.4255443
172,1747314995.4309206
173,1747314995.4354243
174,1747314995.4405932
175,1747314995.4454165
176,1747314995.45824
177,1747314995.4632514
178,1747314995.468383
179,1747314995.476387
180,1747314995.4815068
181,1747314995.4915817
182,1747314995.4996905
183,1747314995.5048501
184,1747314995.5093503
185,1747314995.5184808
186,1747314995.5278556
187,1747314995.5326965
188,1747314995.537807
189,1747314995.54231
190,1747314995.5468717
191,1747314995.560497
192,1747314995.565551
193,1747314995.569575
194,1747314995.5782468
195,1747314995.5832593
196,1747314995.592888
197,1747314995.6018276
198,1747314995.6063962
199,1747314995.6109836
200,1747314995.6164865
201,1747314995.6293128
202,1747314995.6345124
203,1747314995.638842
204,1747314995.6478453
205,1747314995.6572857
206,1747314995.6656024
207,1747314995.6714714
208,1747314995.675691
209,1747314995.6811182
210,1747314995.6891465
211,1747314995.6989884
212,1747314995.703994
213,1747314995.7119992
214,1747314995.7171757
215,1747314995.7264633
216,1747314995.7349665
217,1747314995.7402909
218,1747314995.745294
219,1747314995.7488046
220,1747314995.762646
221,1747314995.7676084
222,1747314995.776772
223,1747314995.781285
224,1747314995.7861397
225,1747314995.7958705
226,1747314995.8043725
227,1747314995.8092477
228,1747314995.8143337
229,1747314995.8188415
230,1747314995.831513
231,1747314995.8370035
232,1747314995.842011
233,1747314995.8465128
234,1747314995.8550162
235,1747314995.8644917
236,1747314995.8686554
237,1747314995.8781664
238,1747314995.882698
239,1747314995.887706
240,1747314995.901042
241,1747314995.906045
242,1747314995.9105527
243,1747314995.9151108
244,1747314995.9236157
245,1747314995.9328485
246,1747314995.9418757
247,1747314995.9470754
248,1747314995.9518497
249,1747314995.9568577
250,1747314995.9690168
251,1747314995.9747002
252,1747314995.98332
253,1747314995.988345
254,1747314995.9978747
255,1747314996.002449
256,1747314996.0106654
257,1747314996.0160372
258,1747314996.0210419
259,1747314996.0340724
260,1747314996.038949
261,1747314996.0439582
262,1747314996.0484717
263,1747314996.0530677
264,1747314996.0615764
265,1747314996.071131
266,1747314996.0796344
267,1747314996.0846372
268,1747314996.0891469
269,1747314996.1031322
270,1747314996.107634
271,1747314996.1121356
272,1747314996.121121
273,1747314996.1309595
274,1747314996.1354613
275,1747314996.1441126
276,1747314996.1486726
277,1747314996.153339
278,1747314996.1626956
279,1747314996.1720653
280,1747314996.17712
281,1747314996.181123
282,1747314996.1896324
283,1747314996.1996508
284,1747314996.2046556
285,1747314996.2126985
286,1747314996.2175527
287,1747314996.222555
288,1747314996.236078
289,1747314996.2406106
290,1747314996.245819
291,1747314996.250496
292,1747314996.25912
293,1747314996.268428
294,1747314996.276562
295,1747314996.2820435
296,1747314996.2870533
297,1747314996.2918274
298,1747314996.305341
299,1747314996.3089154
300,1747314996.3149202
301,1747314996.3234224
302,1747314996.3279142
303,1747314996.3379197
304,1747314996.3459277
305,1747314996.3514557
306,1747314996.3557155
307,1747314996.36072
308,1747314996.3742487
309,1747314996.3787508
310,1747314996.3872547
311,1747314996.3924987
312,1747314996.3969178
313,1747314996.4104774
314,1747314996.4149911
315,1747314996.4204562
316,1747314996.425512
317,1747314996.4335263
318,1747314996.4435706
319,1747314996.4480784
320,1747314996.4569755
321,1747314996.4609823
322,1747314996.4707394
323,1747314996.479754
324,1747314996.4842584
325,1747314996.4887938
326,1747314996.4938056
327,1747314996.5077689
328,1747314996.5119028
329,1747314996.5168862
330,1747314996.5258942
331,1747314996.530396
332,1747314996.5392272
333,1747314996.545231
334,1747314996.5527678
335,1747314996.558301
336,1747314996.5628033
337,1747314996.5759768
338,1747314996.5808828
339,1747314996.586008
340,1747314996.59062
341,1747314996.5997324
342,1747314996.6094944
343,1747314996.6137292
344,1747314996.6188688
345,1747314996.6278732
346,1747314996.6323752
347,1747314996.642722
348,1747314996.646784
349,1747314996.6517923
350,1747314996.6603034
351,1747314996.66551
352,1747314996.674533
353,1747314996.6835196
354,1747314996.6877592
355,1747314996.6932673
356,1747314996.6982982
357,1747314996.7117999
358,1747314996.716302
359,1747314996.7208705
360,1747314996.7253723
361,1747314996.7342534
362,1747314996.7437596
363,1747314996.7489047
364,1747314996.7539136
365,1747314996.761962
366,1747314996.7659903
367,1747314996.7804916
368,1747314996.784668
369,1747314996.7891133
370,1747314996.7951245
371,1747314996.8036559
372,1747314996.812696
373,1747314996.8178809
374,1747314996.822885
375,1747314996.8273873
376,1747314996.835892
377,1747314996.845721
378,1747314996.8507247
379,1747314996.855227
380,1747314996.863939
381,1747314996.8685706
382,1747314996.87859
383,1747314996.8865929
384,1747314996.8910968
385,1747314996.8965113
386,1747314996.9015179
387,1747314996.9149854
388,1747314996.919489
389,1747314996.9274468
390,1747314996.932844
391,1747314996.9374409
392,1747314996.9475763
393,1747314996.9552426
394,1747314996.96066
395,1747314996.9651682
396,1747314996.9703069
397,1747314996.9836016
398,1747314996.9886048
399,1747314996.9931073
400,1747314996.9982183
401,1747314997.0065737
402,1747314997.0162792
403,1747314997.021287
404,1747314997.0263383
405,1747314997.030351
406,1747314997.0391045
407,1747314997.0486207
408,1747314997.057744
409,1747314997.062831
410,1747314997.0665345
411,1747314997.0725622
412,1747314997.0850544
413,1747314997.090581
414,1747314997.0950923
415,1747314997.1036465
416,1747314997.108062
417,1747314997.1213334
418,1747314997.1266732
419,1747314997.1317058
420,1747314997.1357763
421,1747314997.144782
422,1747314997.1541555
423,1747314997.1594124
424,1747314997.167418
425,1747314997.1727006
426,1747314997.177114
427,1747314997.1903546
428,1747314997.1958046
429,1747314997.2003136
430,1747314997.2049556
431,1747314997.2139695
432,1747314997.2231212
433,1747314997.2284362
434,1747314997.2364388
435,1747314997.2411735
436,1747314997.2514467
437,1747314997.259506
438,1747314997.264523
439,1747314997.26953
440,1747314997.274534
441,1747314997.282669
442,1747314997.2920034
443,1747314997.296849
444,1747314997.3018563
445,1747314997.310666
446,1747314997.3203273
447,1747314997.3249695
448,1747314997.3335998
449,1747314997.3379533
450,1747314997.342987
451,1747314997.3568187
452,1747314997.3616354
453,1747314997.3662581
454,1747314997.3712714
455,1747314997.379482
456,1747314997.3894985
457,1747314997.3937304
458,1747314997.4027543
459,1747314997.4070094
460,1747314997.4120493
461,1747314997.4257307
462,1747314997.4302943
463,1747314997.435333
464,1747314997.440339
465,1747314997.448812
466,1747314997.4586022
467,1747314997.463111
468,1747314997.4681644
469,1747314997.4766974
470,1747314997.4807014
471,1747314997.4906223
472,1747314997.4991274
473,1747314997.5041351
474,1747314997.5092375
475,1747314997.5177867
476,1747314997.527277
477,1747314997.5363276
478,1747314997.541549
479,1747314997.5455506
480,1747314997.5511248
481,1747314997.5606492
482,1747314997.5688784
483,1747314997.5734968
484,1747314997.5785203
485,1747314997.5865293
486,1747314997.5968335
487,1747314997.6013489
488,1747314997.6102667
489,1747314997.6145196
490,1747314997.6284468
491,1747314997.6328082
492,1747314997.6380653
493,1747314997.6431594
494,1747314997.6476612
495,1747314997.6556673
496,1747314997.66597
497,1747314997.6704798
498,1747314997.675077
499,1747314997.6840863
500,1747314997.6938083
501,1747314997.7023122
502,1747314997.7068138
503,1747314997.7112803
504,1747314997.7166533
505,1747314997.7259202
506,1747314997.7349267
507,1747314997.7396116
508,1747314997.7446158
509,1747314997.7497005
510,1747314997.7577057
511,1747314997.7679489
512,1747314997.7729583
513,1747314997.780464
514,1747314997.785459
515,1747314997.7951593
516,1747314997.803662
517,1747314997.8089628
518,1747314997.8135216
519,1747314997.8182452
520,1747314997.831481
521,1747314997.8368084
522,1747314997.8453197
523,1747314997.8503194
524,1747314997.8551521
525,1747314997.8646605
526,1747314997.8691683
527,1747314997.8777003
528,1747314997.8822086
529,1747314997.887553
530,1747314997.897272
531,1747314997.9052749
532,1747314997.9105551
533,1747314997.9150577
534,1747314997.9190602
535,1747314997.9330926
536,1747314997.9379907
537,1747314997.9464948
538,1747314997.9511912
539,1747314997.9562361
540,1747314997.9694772
541,1747314997.9739869
542,1747314997.9829917
543,1747314997.9878378
544,1747314997.9925628
545,1747314998.0021074
546,1747314998.010682
547,1747314998.015563
548,1747314998.020696
549,1747314998.0258508
550,1747314998.038299
551,1747314998.0433037
552,1747314998.0485418
553,1747314998.0570447
554,1747314998.0666268
555,1747314998.0716321
556,1747314998.076134
557,1747314998.084686
558,1747314998.089665
559,1747314998.094755
560,1747314998.1038811
561,1747314998.1122117
562,1747314998.117503
563,1747314998.1225076
564,1747314998.1266806
565,1747314998.1405447
566,1747314998.145047
567,1747314998.1502488
568,1747314998.1582522
569,1747314998.1682582
570,1747314998.1732616
571,1747314998.1782696
572,1747314998.186087
573,1747314998.190599
574,1747314998.2046866
575,1747314998.2089934
576,1747314998.2140036
577,1747314998.2188723
578,1747314998.2269118
579,1747314998.2376761
580,1747314998.2451823
581,1747314998.250653
582,1747314998.2557497
583,1747314998.2602613
584,1747314998.2736008
585,1747314998.2785716
586,1747314998.2831728
587,1747314998.2877452
588,1747314998.2963917
589,1747314998.3064804
590,1747314998.31149
591,1747314998.3155484
592,1747314998.324051
593,1747314998.3293207
594,1747314998.3386657
595,1747314998.34734
596,1747314998.352586
597,1747314998.3577206
598,1747314998.3622675
599,1747314998.3722312
600,1747314998.380739
601,1747314998.3848972
602,1747314998.3889346
603,1747314998.39802
604,1747314998.4080324
605,1747314998.413036
606,1747314998.4210384
607,1747314998.4258013
608,1747314998.4312227
609,1747314998.4447348
610,1747314998.4492364
611,1747314998.4542396
612,1747314998.458741
613,1747314998.4672477
614,1747314998.4775004
615,1747314998.4823625
616,1747314998.486874
617,1747314998.4914854
618,1747314998.499701
619,1747314998.5088098
620,1747314998.5183873
621,1747314998.5226922
622,1747314998.5280037
623,1747314998.532508
624,1747314998.5456874
625,1747314998.5505545
626,1747314998.5559
627,1747314998.564402
628,1747314998.5691378
629,1747314998.5783293
630,1747314998.5864248
631,1747314998.5919523
632,1747314998.5970395
633,1747314998.601554
634,1747314998.614737
635,1747314998.619674
636,1747314998.6279342
637,1747314998.6333709
638,1747314998.642784
639,1747314998.6475272
640,1747314998.6565385
641,1747314998.6614633
642,1747314998.6655178
643,1747314998.6705244
644,1747314998.6843433
645,1747314998.688846
646,1747314998.6968493
647,1747314998.701845
648,1747314998.7117436
649,1747314998.7204156
650,1747314998.7247784
651,1747314998.729248
652,1747314998.7381802
653,1747314998.7481933
654,1747314998.7527947
655,1747314998.7617276
656,1747314998.7664373
657,1747314998.770947
658,1747314998.7847855
659,1747314998.7887912
660,1747314998.7937956
661,1747314998.8026655
662,1747314998.8071675
663,1747314998.8173842
664,1747314998.8253882
665,1747314998.8306394
666,1747314998.834642
667,1747314998.8442528
668,1747314998.8532572
669,1747314998.8579576
670,1747314998.862967
671,1747314998.8714724
672,1747314998.8815956
673,1747314998.8857043
674,1747314998.8942504
675,1747314998.8996272
676,1747314998.9041317
677,1747314998.9174466
678,1747314998.9221277
679,1747314998.9274468
680,1747314998.9319487
681,1747314998.9406924
682,1747314998.9506214
683,1747314998.9556327
684,1747314998.963655
685,1747314998.9686303
686,1747314998.973386
687,1747314998.9829364
688,1747314998.9915378
689,1747314998.9966137
690,1747314999.001643
691,1747314999.0062428
692,1747314999.0192523
693,1747314999.0237584
694,1747314999.029264
695,1747314999.0372713
696,1747314999.042465
697,1747314999.0519862
698,1747314999.0605357
699,1747314999.06499
700,1747314999.0703685
701,1747314999.074638
702,1747314999.0879588
703,1747314999.0929692
704,1747314999.1017792
705,1747314999.1066122
706,1747314999.1116223
707,1747314999.120686
708,1747314999.1292024
709,1747314999.1342149
710,1747314999.1389933
711,1747314999.1480155
712,1747314999.157458
713,1747314999.1623123
714,1747314999.1663542
715,1747314999.171864
716,1747314999.1806195
717,1747314999.1904647
718,1747314999.1944735
719,1747314999.199509
720,1747314999.2087417
721,1747314999.2178276
722,1747314999.2223854
723,1747314999.2308564
724,1747314999.2362592
725,1747314999.241273
726,1747314999.2452812
727,1747314999.2592523
728,1747314999.264249
729,1747314999.2727766
730,1747314999.2772853
731,1747314999.286703
732,1747314999.292231
733,1747314999.2968528
734,1747314999.3048635
735,1747314999.310231
736,1747314999.3197467
737,1747314999.3247507
738,1747314999.333754
739,1747314999.337754
740,1747314999.342248
741,1747314999.35676
742,1747314999.3612795
743,1747314999.366339
744,1747314999.3706117
745,1747314999.3749087
746,1747314999.3842504
747,1747314999.394273
748,1747314999.3989232
749,1747314999.4039319
750,1747314999.4115076
751,1747314999.4215176
752,1747314999.4264677
753,1747314999.434971
754,1747314999.439451
755,1747314999.4447436
756,1747314999.4578238
757,1747314999.462833
758,1747314999.4678388
759,1747314999.4758477
760,1747314999.480591
761,1747314999.493951
762,1747314999.4994555
763,1747314999.5039625
764,1747314999.50911
765,1747314999.5126421
766,1747314999.526466
767,1747314999.531429
768,1747314999.5362556
769,1747314999.5452783
770,1747314999.5489392
771,1747314999.5626922
772,1747314999.5680852
773,1747314999.572593
774,1747314999.577348
775,1747314999.5859723
776,1747314999.5955372
777,1747314999.60466
778,1747314999.6093016
779,1747314999.6138072
780,1747314999.622316
781,1747314999.6322913
782,1747314999.637345
783,1747314999.6418548
784,1747314999.6463573
785,1747314999.6552413
786,1747314999.6647272
787,1747314999.669387
788,1747314999.677929
789,1747314999.683109
790,1747314999.6925097
791,1747314999.7015269
792,1747314999.7055304
793,1747314999.7104497
794,1747314999.7153034
795,1747314999.7203104
796,1747314999.733534
797,1747314999.738311
798,1747314999.7472446
799,1747314999.7516766
800,1747314999.7620509
801,1747314999.7690542
802,1747314999.7747114
803,1747314999.778852
804,1747314999.7879527
805,1747314999.7980921
806,1747314999.8061097
807,1747314999.8113718
808,1747314999.8155854
809,1747314999.821259
810,1747314999.8338995
811,1747314999.8388212
812,1747314999.8478389
813,1747314999.8528469
814,1747314999.862205
815,1747314999.8672605
816,1747314999.8712714
817,1747314999.8797197
818,1747314999.885229
819,1747314999.8903341
820,1747314999.903525
821,1747314999.9085243
822,1747314999.9131403
823,1747314999.9179366
824,1747314999.9225106
825,1747314999.9355545
826,1747314999.9408543
827,1747314999.9458575
828,1747314999.9504719
829,1747314999.9554763
830,1747314999.9681337
831,1747314999.9731672
832,1747314999.977906
833,1747314999.9859776
834,1747314999.9960039
835,1747315000.00502
836,1747315000.008807
837,1747315000.0184975
838,1747315000.0230007
839,1747315000.032785
840,1747315000.0378208
841,1747315000.0423303
842,1747315000.0468533
843,1747315000.0560546
844,1747315000.0657716
845,1747315000.0704594
846,1747315000.0745966
847,1747315000.0836818
848,1747315000.0886986
849,1747315000.0984569
850,1747315000.106635
851,1747315000.1117678
852,1747315000.1168354
853,1747315000.1215024
854,1747315000.1263335
855,1747315000.1388512
856,1747315000.143859
857,1747315000.1492357
858,1747315000.157764
859,1747315000.1671522
860,1747315000.1726513
861,1747315000.1806653
862,1747315000.1856742
863,1747315000.190503
864,1747315000.1990561
865,1747315000.2085888
866,1747315000.2128375
867,1747315000.2179387
868,1747315000.2270508
869,1747315000.2365327
870,1747315000.2415352
871,1747315000.2490373
872,1747315000.254546
873,1747315000.258844
874,1747315000.272488
875,1747315000.2772539
876,1747315000.286269
877,1747315000.2906575
878,1747315000.295807
879,1747315000.3093174
880,1747315000.3138244
881,1747315000.318717
882,1747315000.323727
883,1747315000.3282309
884,1747315000.3412426
885,1747315000.3459685
886,1747315000.351475
887,1747315000.3559809
888,1747315000.3644829
889,1747315000.37462
890,1747315000.3791244
891,1747315000.3836699
892,1747315000.392168
893,1747315000.397175
894,1747315000.4106903
895,1747315000.4157107
896,1747315000.4203207
897,1747315000.4251204
898,1747315000.429624
899,1747315000.4436724
900,1747315000.4481773
901,1747315000.4526982
902,1747315000.4612114
903,1747315000.4657233
904,1747315000.4792726
905,1747315000.4844267
906,1747315000.4894335
907,1747315000.493559
908,1747315000.5026996
909,1747315000.5125036
910,1747315000.516625
911,1747315000.525626
912,1747315000.5305874
913,1747315000.5391002
914,1747315000.5486898
915,1747315000.5528905
916,1747315000.557948
917,1747315000.566495
918,1747315000.5764723
919,1747315000.5814824
920,1747315000.5890398
921,1747315000.5943305
922,1747315000.5993552
923,1747315000.6127706
924,1747315000.6178067
925,1747315000.6223106
926,1747315000.6269999
927,1747315000.6360133
928,1747315000.6455345
929,1747315000.65054
930,1747315000.6549277
931,1747315000.6630967
932,1747315000.6686335
933,1747315000.6783073
934,1747315000.6863132
935,1747315000.6913354
936,1747315000.6958377
937,1747315000.701341
938,1747315000.7138572
939,1747315000.719422
940,1747315000.7271025
941,1747315000.7325706
942,1747315000.7375798
943,1747315000.747097
944,1747315000.7516105
945,1747315000.760381
946,1747315000.765267
947,1747315000.7702737
948,1747315000.7792947
949,1747315000.7881372
950,1747315000.792649
951,1747315000.7978742
952,1747315000.8023973
953,1747315000.8160465
954,1747315000.8206754
955,1747315000.8252275
956,1747315000.8340497
957,1747315000.8440535
958,1747315000.8485587
959,1747315000.8575654
960,1747315000.862068
961,1747315000.8665953
962,1747315000.8716083
963,1747315000.8812716
964,1747315000.890291
965,1747315000.894326
966,1747315000.8987577
967,1747315000.9077828
968,1747315000.9181857
969,1747315000.9226887
970,1747315000.9277954
971,1747315000.9354527
972,1747315000.946023
973,1747315000.9505308
974,1747315000.9584863
975,1747315000.9634855
976,1747315000.9685256
977,1747315000.9730396
978,1747315000.9867876
979,1747315000.991794
980,1747315000.9958906
981,1747315001.0051794
982,1747315001.0141983
983,1747315001.0227487
984,1747315001.0269368
985,1747315001.0325472
986,1747315001.037187
987,1747315001.050821
988,1747315001.0553238
989,1747315001.060522
990,1747315001.0655262
991,1747315001.0735734
992,1747315001.08319
993,1747315001.0883458
994,1747315001.0968506
995,1747315001.1018548
996,1747315001.1059701
997,1747315001.1197088
998,1747315001.1242123
999,1747315001.128946
1000,1747315001.1339545
1001,1747315001.1428738
1002,1747315001.1525955
1003,1747315001.1570985
1004,1747315001.1661048
1005,1747315001.1704326
1006,1747315001.1749923
1007,1747315001.187812
1008,1747315001.1938362
1009,1747315001.1983433
1010,1747315001.2028503
1011,1747315001.2114003
1012,1747315001.221779
1013,1747315001.2262826
1014,1747315001.2312973
1015,1747315001.2403562
1016,1747315001.2451553
1017,1747315001.2541914
1018,1747315001.259019
1019,1747315001.268031
1020,1747315001.273036
1021,1747315001.2771666
1022,1747315001.2872114
1023,1747315001.2917204
1024,1747315001.300439
1025,1747315001.3047354
1026,1747315001.3104026
1027,1747315001.3237722
1028,1747315001.3282163
1029,1747315001.3332562
1030,1747315001.3380024
1031,1747315001.3465786
1032,1747315001.3561485
1033,1747315001.3614035
1034,1747315001.3695865
1035,1747315001.3741114
1036,1747315001.3791173
1037,1747315001.3927035
1038,1747315001.3972569
1039,1747315001.4027636
1040,1747315001.4107695
1041,1747315001.420557
1042,1747315001.4248326
1043,1747315001.4337897
1044,1747315001.4387321
1045,1747315001.4437425
1046,1747315001.447755
1047,1747315001.4618635
1048,1747315001.465915
1049,1747315001.471425
1050,1747315001.476442
1051,1747315001.4844487
1052,1747315001.4945657
1053,1747315001.4990687
1054,1747315001.5036259
1055,1747315001.5118008
1056,1747315001.5168252
1057,1747315001.5304303
1058,1747315001.5355308
1059,1747315001.5405414
1060,1747315001.5446677
1061,1747315001.5532937
1062,1747315001.563013
1063,1747315001.5679038
1064,1747315001.5764263
1065,1747315001.5815942
1066,1747315001.5946658
1067,1747315001.5992548
1068,1747315001.6047657
1069,1747315001.6089966
1070,1747315001.6140037
1071,1747315001.6224008
1072,1747315001.632605
1073,1747315001.636809
1074,1747315001.645337
1075,1747315001.6505418
1076,1747315001.6604528
1077,1747315001.6689572
1078,1747315001.6734614
1079,1747315001.6779895
1080,1747315001.6834497
1081,1747315001.693112
1082,1747315001.7007403
1083,1747315001.7061982
1084,1747315001.7106977
1085,1747315001.715553
1086,1747315001.7245893
1087,1747315001.7336493
1088,1747315001.7384698
1089,1747315001.747605
1090,1747315001.752219
1091,1747315001.7648833
1092,1747315001.770304
1093,1747315001.7748063
1094,1747315001.7803113
1095,1747315001.788328
1096,1747315001.798387
1097,1747315001.8029685
1098,1747315001.80747
1099,1747315001.8159742
1100,1747315001.8212762
1101,1747315001.834326
1102,1747315001.8393734
1103,1747315001.8438768
1104,1747315001.848673
1105,1747315001.8540058
1106,1747315001.8662157
1107,1747315001.871728
1108,1747315001.876411
1109,1747315001.8854706
1110,1747315001.8892214
1111,1747315001.9032536
1112,1747315001.9083378
1113,1747315001.9128413
1114,1747315001.918128
1115,1747315001.926133
1116,1747315001.9357312
1117,1747315001.9406426
1118,1747315001.9493322
1119,1747315001.9538362
1120,1747315001.9675002
1121,1747315001.9728973
1122,1747315001.977399
1123,1747315001.9818983
1124,1747315001.9904277
1125,1747315002.0004508
1126,1747315002.0050414
1127,1747315002.013541
1128,1747315002.0188081
1129,1747315002.023361
1130,1747315002.0371366
1131,1747315002.0413067
1132,1747315002.0466013
1133,1747315002.051621
1134,1747315002.0589993
1135,1747315002.069518
1136,1747315002.0740528
1137,1747315002.0829263
1138,1747315002.0877092
1139,1747315002.0917158
1140,1747315002.1055424
1141,1747315002.1102653
1142,1747315002.1155345
1143,1747315002.1205559
1144,1747315002.1285985
1145,1747315002.1381123
1146,1747315002.1436253
1147,1747315002.1518772
1148,1747315002.1566405
1149,1747315002.1616724
1150,1747315002.1748586
1151,1747315002.1796575
1152,1747315002.1846957
1153,1747315002.1887686
1154,1747315002.1977832
1155,1747315002.2072423
1156,1747315002.2124364
1157,1747315002.2204401
1158,1747315002.2252293
1159,1747315002.2302833
1160,1747315002.2435892
1161,1747315002.2481594
1162,1747315002.253169
1163,1747315002.2578259
1164,1747315002.266894
1165,1747315002.276028
1166,1747315002.2813296
1167,1747315002.2898767
1168,1747315002.294411
1169,1747315002.2994673
1170,1747315002.3088272
1171,1747315002.3178318
1172,1747315002.3219736
1173,1747315002.327301
1174,1747315002.3350453
1175,1747315002.3450537
1176,1747315002.3503306
1177,1747315002.3588328
1178,1747315002.3636415
1179,1747315002.3730006
1180,1747315002.378225
1181,1747315002.3862345
1182,1747315002.3913097
1183,1747315002.3960168
1184,1747315002.405032
1185,1747315002.414042
1186,1747315002.419309
1187,1747315002.4243114
1188,1747315002.4328172
1189,1747315002.4425256
1190,1747315002.4465756
1191,1747315002.4516926
1192,1747315002.4564826
1193,1747315002.4644907
1194,1747315002.475013
1195,1747315002.48369
1196,1747315002.4881938
1197,1747315002.493383
1198,1747315002.4978893
1199,1747315002.5064
1200,1747315002.5162468
1201,1747315002.5207553
1202,1747315002.5255327
1203,1747315002.5336523
1204,1747315002.547932
1205,1747315002.552447
1206,1747315002.5572782
1207,1747315002.5622182
1208,1747315002.566411
1209,1747315002.571425
1210,1747315002.5853066
1211,1747315002.5900757
1212,1747315002.5946424
1213,1747315002.5992346
1214,1747315002.607815
1215,1747315002.6178284
1216,1747315002.6224735
1217,1747315002.6316903
1218,1747315002.636434
1219,1747315002.6455712
1220,1747315002.65466
1221,1747315002.659284
1222,1747315002.6641965
1223,1747315002.6727817
1224,1747315002.6817462
1225,1747315002.6866262
1226,1747315002.692137
1227,1747315002.700694
1228,1747315002.7052538
1229,1747315002.714289
1230,1747315002.723285
1231,1747315002.7282658
1232,1747315002.733107
1233,1747315002.7381124
1234,1747315002.7472448
1235,1747315002.7562537
1236,1747315002.7603252
1237,1747315002.7657409
1238,1747315002.7735395
1239,1747315002.783564
1240,1747315002.7882612
1241,1747315002.7974372
1242,1747315002.8016315
1243,1747315002.8063173
1244,1747315002.8197062
1245,1747315002.8243759
1246,1747315002.8295221
1247,1747315002.8386784
1248,1747315002.847956
1249,1747315002.8525875
1250,1747315002.8609903
1251,1747315002.866317
1252,1747315002.8703413
1253,1747315002.875851
1254,1747315002.8885798
1255,1747315002.8941112
1256,1747315002.8991222
1257,1747315002.9062319
1258,1747315002.9168599
1259,1747315002.9248707
1260,1747315002.93029
1261,1747315002.9347947
1262,1747315002.9392993
1263,1747315002.948146
1264,1747315002.9575648
1265,1747315002.966572
1266,1747315002.9709303
1267,1747315002.9764035
1268,1747315002.9884536
1269,1747315002.9939816
1270,1747315003.0025578
1271,1747315003.0066223
1272,1747315003.012703
1273,1747315003.0257723
1274,1747315003.0306606
1275,1747315003.0358133
1276,1747315003.0404363
1277,1747315003.0454888
1278,1747315003.058501
1279,1747315003.0629904
1280,1747315003.0678353
1281,1747315003.076356
1282,1747315003.0860667
1283,1747315003.0945697
1284,1747315003.0996318
1285,1747315003.1041377
1286,1747315003.1091483
1287,1747315003.1226325
1288,1747315003.1277573
1289,1747315003.1322663
1290,1747315003.137373
1291,1747315003.1458867
1292,1747315003.155296
1293,1747315003.159746
1294,1747315003.1647499
1295,1747315003.1689117
1296,1747315003.1784172
1297,1747315003.1880856
1298,1747315003.1926262
1299,1747315003.2017114
1300,1747315003.2057595
1301,1747315003.2108066
1302,1747315003.2245874
1303,1747315003.229091
1304,1747315003.2340975
1305,1747315003.2385998
1306,1747315003.2471037
1307,1747315003.2569978
1308,1747315003.2620106
1309,1747315003.2661667
1310,1747315003.2751768
1311,1747315003.2794688
1312,1747315003.2935202
1313,1747315003.2980232
1314,1747315003.3025484
1315,1747315003.3078773
1316,1747315003.3128798
1317,1747315003.3260627
1318,1747315003.330347
1319,1747315003.3356938
1320,1747315003.3407035
1321,1747315003.3482985
1322,1747315003.358315
1323,1747315003.3663213
1324,1747315003.3714554
1325,1747315003.3767905
1326,1747315003.3849862
1327,1747315003.3950515
1328,1747315003.3995545
1329,1747315003.404207
1330,1747315003.4128988
1331,1747315003.417841
1332,1747315003.4274821
1333,1747315003.431984
1334,1747315003.4407356
1335,1747315003.4451315
1336,1747315003.4506345
1337,1747315003.463715
1338,1747315003.468139
1339,1747315003.4731452
1340,1747315003.4783726
1341,1747315003.4863777
1342,1747315003.4967005
1343,1747315003.501716
1344,1747315003.5062454
1345,1747315003.5107527
1346,1747315003.5189238
1347,1747315003.5294616
1348,1747315003.5381746
1349,1747315003.542681
1350,1747315003.54763
1351,1747315003.552438
1352,1747315003.56604
1353,1747315003.5705478
1354,1747315003.5754726
1355,1747315003.580287
1356,1747315003.5848763
1357,1747315003.5946429
1358,1747315003.6036577
1359,1747315003.6083195
1360,1747315003.612822
1361,1747315003.61789
1362,1747315003.631233
1363,1747315003.6357358
1364,1747315003.640417
1365,1747315003.6490417
1366,1747315003.6545546
1367,1747315003.6636543
1368,1747315003.669157
1369,1747315003.6768126
1370,1747315003.6817887
1371,1747315003.6872919
1372,1747315003.7002945
1373,1747315003.705231
1374,1747315003.7102935
1375,1747315003.714796
1376,1747315003.7187982
1377,1747315003.7326052
1378,1747315003.7379107
1379,1747315003.7424686
1380,1747315003.7506433
1381,1747315003.7561495
1382,1747315003.7656543
1383,1747315003.7736585
1384,1747315003.7784984
1385,1747315003.7835016
1386,1747315003.7923527
1387,1747315003.8015375
1388,1747315003.806869
1389,1747315003.8118715
1390,1747315003.8190553
1391,1747315003.8291512
1392,1747315003.838158
1393,1747315003.8431132
1394,1747315003.848211
1395,1747315003.852719
1396,1747315003.8575606
1397,1747315003.8709593
1398,1747315003.8760607
1399,1747315003.8806088
1400,1747315003.8856895
1401,1747315003.8940353
1402,1747315003.903587
1403,1747315003.907791
1404,1747315003.9168558
1405,1747315003.9212172
1406,1747315003.9315026
1407,1747315003.9396288
1408,1747315003.944129
1409,1747315003.9494693
1410,1747315003.9540572
1411,1747315003.9631755
1412,1747315003.9728277
1413,1747315003.9773293
1414,1747315003.9818325
1415,1747315003.9905775
1416,1747315004.0003674
1417,1747315004.005372
1418,1747315004.0103762
1419,1747315004.0144558
1420,1747315004.0229654
1421,1747315004.032463
1422,1747315004.0416164
1423,1747315004.0459166
1424,1747315004.0514655
1425,1747315004.0594773
1426,1747315004.0695684
1427,1747315004.0740726
1428,1747315004.0787275
1429,1747315004.0879269
1430,1747315004.0921314
1431,1747315004.1018844
1432,1747315004.110587
1433,1747315004.115
1434,1747315004.1204295
1435,1747315004.1249318
1436,1747315004.1385412
1437,1747315004.14326
1438,1747315004.148278
1439,1747315004.1560497
1440,1747315004.1615658
1441,1747315004.1707158
1442,1747315004.1792195
1443,1747315004.1842282
1444,1747315004.1893885
1445,1747315004.194396
1446,1747315004.2074547
1447,1747315004.2123723
1448,1747315004.2173774
1449,1747315004.2214963
1450,1747315004.2304997
1451,1747315004.2402902
1452,1747315004.2447925
1453,1747315004.248922
1454,1747315004.2579262
1455,1747315004.2635338
1456,1747315004.272238
1457,1747315004.2812402
1458,1747315004.2862742
1459,1747315004.2910795
1460,1747315004.296083
1461,1747315004.3088768
1462,1747315004.3140106
1463,1747315004.3191175
1464,1747315004.3231435
1465,1747315004.3318372
1466,1747315004.3418653
1467,1747315004.3460457
1468,1747315004.351731
1469,1747315004.3562338
1470,1747315004.364747
1471,1747315004.3741193
1472,1747315004.3793066
1473,1747315004.3844085
1474,1747315004.3920624
1475,1747315004.3970053
1476,1747315004.4107072
1477,1747315004.4158998
1478,1747315004.4204135
1479,1747315004.424753
1480,1747315004.433252
1481,1747315004.4432077
1482,1747315004.448345
1483,1747315004.4563477
1484,1747315004.4617214
1485,1747315004.4662235
1486,1747315004.4797282
1487,1747315004.4842317
1488,1747315004.4895391
1489,1747315004.4945433
1490,1747315004.4990468
1491,1747315004.5119872
1492,1747315004.5172951
1493,1747315004.5223043
1494,1747315004.5268066
1495,1747315004.5348105
1496,1747315004.5453014
1497,1747315004.5503032
1498,1747315004.5588064
1499,1747315004.5633094
1500,1747315004.5677493
1501,1747315004.5780382
1502,1747315004.5866332
1503,1747315004.591138
1504,1747315004.5963256
1505,1747315004.6013832
1506,1747315004.61441
1507,1747315004.6192956
1508,1747315004.6243062
1509,1747315004.6283906
1510,1747315004.6339014
1511,1747315004.6469202
1512,1747315004.651672
1513,1747315004.6565225
1514,1747315004.6655324
1515,1747315004.6704507
1516,1747315004.6794991
1517,1747315004.6885042
1518,1747315004.6930149
1519,1747315004.6980393
1520,1747315004.7025461
1521,1747315004.7162743
1522,1747315004.720562
1523,1747315004.725568
1524,1747315004.7342248
1525,1747315004.7387288
1526,1747315004.748918
1527,1747315004.756922
1528,1747315004.7619843
1529,1747315004.767045
1530,1747315004.7715664
1531,1747315004.785103
1532,1747315004.7896047
1533,1747315004.7946076
1534,1747315004.8032384
1535,1747315004.812536
1536,1747315004.8178914
1537,1747315004.8259068
1538,1747315004.8307483
1539,1747315004.8358622
1540,1747315004.8404512
1541,1747315004.8535914
1542,1747315004.8586698
1543,1747315004.8677354
1544,1747315004.872156
1545,1747315004.8857129
1546,1747315004.890642
1547,1747315004.8956535
1548,1747315004.8991559
1549,1747315004.9086668
1550,1747315004.917837
1551,1747315004.9263477
1552,1747315004.931673
1553,1747315004.936803
1554,1747315004.9408064
1555,1747315004.9545982
1556,1747315004.9591055
1557,1747315004.964114
1558,1747315004.9722698
1559,1747315004.977275
1560,1747315004.9907799
1561,1747315004.9957883
1562,1747315005.0005875
1563,1747315005.0051398
1564,1747315005.013747
1565,1747315005.0237963
1566,1747315005.0279021
1567,1747315005.0364835
1568,1747315005.0418262
1569,1747315005.0469031
1570,1747315005.059424
1571,1747315005.0645394
1572,1747315005.069169
1573,1747315005.0782316
1574,1747315005.087792
1575,1747315005.0925736
1576,1747315005.0970798
1577,1747315005.1056101
1578,1747315005.1107259
1579,1747315005.1205196
1580,1747315005.124523
1581,1747315005.133528
1582,1747315005.1386619
1583,1747315005.1436644
1584,1747315005.156178
1585,1747315005.1616657
1586,1747315005.1661687
1587,1747315005.1712887
1588,1747315005.1792972
1589,1747315005.1891022
1590,1747315005.1974897
1591,1747315005.2027974
1592,1747315005.2072995
1593,1747315005.212304
1594,1747315005.2252598
1595,1747315005.230384
1596,1747315005.2351246
1597,1747315005.2432973
1598,1747315005.2488105
1599,1747315005.2583158
1600,1747315005.266318
1601,1747315005.2713213
1602,1747315005.2765296
1603,1747315005.2816484
1604,1747315005.2949312
1605,1747315005.2989945
1606,1747315005.304003
1607,1747315005.313051
1608,1747315005.322654
1609,1747315005.3266883
1610,1747315005.335193
1611,1747315005.3406963
1612,1747315005.3456995
1613,1747315005.3507075
1614,1747315005.3631263
1615,1747315005.368495
1616,1747315005.3729975
1617,1747315005.3782148
1618,1747315005.386226
1619,1747315005.396566
1620,1747315005.404609
1621,1747315005.4092796
1622,1747315005.4147837
1623,1747315005.4194975
1624,1747315005.4327283
1625,1747315005.4371078
1626,1747315005.4426122
1627,1747315005.447114
1628,1747315005.4557605
1629,1747315005.46503
1630,1747315005.473564
1631,1747315005.4786787
1632,1747315005.4836917
1633,1747315005.4927092
1634,1747315005.501637
1635,1747315005.5060997
1636,1747315005.5116901
1637,1747315005.5161972
1638,1747315005.520704
1639,1747315005.5337985
1640,1747315005.539251
1641,1747315005.548258
1642,1747315005.5532746
1643,1747315005.562655
1644,1747315005.5677338
1645,1747315005.5727458
1646,1747315005.5770059
1647,1747315005.5846183
1648,1747315005.5948927
1649,1747315005.603398
1650,1747315005.6083326
1651,1747315005.6138382
1652,1747315005.621385
1653,1747315005.631797
1654,1747315005.6359446
1655,1747315005.644982
1656,1747315005.6487768
1657,1747315005.6542847
1658,1747315005.6679363
1659,1747315005.6724424
1660,1747315005.6775637
1661,1747315005.6860783
1662,1747315005.6903346
1663,1747315005.700518
1664,1747315005.7055218
1665,1747315005.714033
1666,1747315005.7185354
1667,1747315005.7235494
1668,1747315005.7365916
1669,1747315005.7412035
1670,1747315005.74645
1671,1747315005.7514584
1672,1747315005.75596
1673,1747315005.7694674
1674,1747315005.774645
1675,1747315005.7787788
1676,1747315005.7837837
1677,1747315005.7927954
1678,1747315005.8023267
1679,1747315005.8073301
1680,1747315005.8153737
1681,1747315005.8206403
1682,1747315005.8255012
1683,1747315005.8349428
1684,1747315005.843463
1685,1747315005.8485005
1686,1747315005.853507
1687,1747315005.8585103
1688,1747315005.8675141
1689,1747315005.8765247
1690,1747315005.8815188
1691,1747315005.8865848
1692,1747315005.8911138
1693,1747315005.904154
1694,1747315005.908918
1695,1747315005.9139237
1696,1747315005.922546
1697,1747315005.9277601
1698,1747315005.9367664
1699,1747315005.94227
1700,1747315005.9503963
1701,1747315005.955401
1702,1747315005.959199
1703,1747315005.9735675
1704,1747315005.97862
1705,1747315005.9831262
1706,1747315005.987633
1707,1747315005.9960427
1708,1747315006.0065303
1709,1747315006.0106363
1710,1747315006.019698
1711,1747315006.0242002
1712,1747315006.0287125
1713,1747315006.0420272
1714,1747315006.0472994
1715,1747315006.051808
1716,1747315006.0605445
1717,1747315006.070335
1718,1747315006.0755618
1719,1747315006.0790699
1720,1747315006.0886784
1721,1747315006.0928123
1722,1747315006.098331
1723,1747315006.1115515
1724,1747315006.1162746
1725,1747315006.1213913
1726,1747315006.1258914
1727,1747315006.1344285
1728,1747315006.1443486
1729,1747315006.1485019
1730,1747315006.157061
1731,1747315006.1622267
1732,1747315006.1717474
1733,1747315006.1803381
1734,1747315006.1851861
1735,1747315006.190606
1736,1747315006.1946125
1737,1747315006.2087443
1738,1747315006.213254
1739,1747315006.2183952
1740,1747315006.2263978
1741,1747315006.2318008
1742,1747315006.2409458
1743,1747315006.249515
1744,1747315006.254518
1745,1747315006.2595725
1746,1747315006.2640815
1747,1747315006.2771726
1748,1747315006.2816765
1749,1747315006.291182
1750,1747315006.2951858
1751,1747315006.3007574
1752,1747315006.3138576
1753,1747315006.3187792
1754,1747315006.3232822
1755,1747315006.328099
1756,1747315006.3331065
1757,1747315006.3466482
1758,1747315006.3517118
1759,1747315006.3562136
1760,1747315006.3642178
1761,1747315006.374102
1762,1747315006.3828263
1763,1747315006.3877406
1764,1747315006.3915944
1765,1747315006.3970997
1766,1747315006.4061577
1767,1747315006.4151857
1768,1747315006.4204102
1769,1747315006.4254136
1770,1747315006.4338276
1771,1747315006.4428446
1772,1747315006.4478157
1773,1747315006.456829
1774,1747315006.46166
1775,1747315006.4666688
1776,1747315006.479375
1777,1747315006.4845426
1778,1747315006.4890494
1779,1747315006.498058
1780,1747315006.5022185
1781,1747315006.5119758
1782,1747315006.5172338
1783,1747315006.525251
1784,1747315006.5305467
1785,1747315006.5355966
1786,1747315006.5487163
1787,1747315006.5529442
1788,1747315006.558021
1789,1747315006.5670254
1790,1747315006.5707197
1791,1747315006.5851483
1792,1747315006.5888536
1793,1747315006.5984871
1794,1747315006.602507
1795,1747315006.608014
1796,1747315006.6176205
1797,1747315006.6221254
1798,1747315006.6313024
1799,1747315006.6361153
1800,1747315006.6403728
1801,1747315006.650486
1802,1747315006.6585336
1803,1747315006.6640341
1804,1747315006.6685367
1805,1747315006.6730442
1806,1747315006.6861017
1807,1747315006.6916437
1808,1747315006.696762
1809,1747315006.7013912
1810,1747315006.706025
1811,1747315006.7189727
1812,1747315006.7239778
1813,1747315006.728829
1814,1747315006.7378335
1815,1747315006.742343
1816,1747315006.752379
1817,1747315006.7605357
1818,1747315006.7653177
1819,1747315006.7707145
1820,1747315006.7752216
1821,1747315006.7887504
1822,1747315006.793756
1823,1747315006.7987597
1824,1747315006.802766
1825,1747315006.8112972
1826,1747315006.8215997
1827,1747315006.826661
1828,1747315006.8306677
1829,1747315006.8387594
1830,1747315006.8442698
1831,1747315006.8580692
1832,1747315006.8626723
1833,1747315006.8668408
1834,1747315006.8718498
1835,1747315006.8804626
1836,1747315006.8906486
1837,1747315006.8956718
1838,1747315006.903719
1839,1747315006.9087052
1840,1747315006.913214
1841,1747315006.9270144
1842,1747315006.9315164
1843,1747315006.936514
1844,1747315006.9413428
1845,1747315006.946342
1846,1747315006.9554553
1847,1747315006.9642868
1848,1747315006.9693909
1849,1747315006.9734905
1850,1747315006.9784927
1851,1747315006.9920752
1852,1747315006.996577
1853,1747315007.001448
1854,1747315007.0107274
1855,1747315007.0189993
1856,1747315007.0245767
1857,1747315007.0327652
1858,1747315007.0376968
1859,1747315007.0427265
1860,1747315007.0475647
1861,1747315007.060715
1862,1747315007.0659986
1863,1747315007.0710013
1864,1747315007.0790052
1865,1747315007.0887027
1866,1747315007.0978916
1867,1747315007.102395
1868,1747315007.1073408
1869,1747315007.1122408
1870,1747315007.1212595
1871,1747315007.1302633
1872,1747315007.135245
1873,1747315007.1395562
1874,1747315007.1450596
1875,1747315007.1488729
1876,1747315007.16338
1877,1747315007.167883
1878,1747315007.1768901
1879,1747315007.1813917
1880,1747315007.1906805
1881,1747315007.1958668
1882,1747315007.2003806
1883,1747315007.209624
1884,1747315007.2136307
1885,1747315007.2278242
1886,1747315007.2323272
1887,1747315007.2371945
1888,1747315007.2416356
1889,1747315007.2466486
1890,1747315007.2547524
1891,1747315007.2647688
1892,1747315007.2692702
1893,1747315007.2782738
1894,1747315007.2828422
1895,1747315007.2965298
1896,1747315007.3015342
1897,1747315007.3062286
1898,1747315007.3112748
1899,1747315007.3157792
1900,1747315007.3242927
1901,1747315007.333757
1902,1747315007.3389153
1903,1747315007.343936
1904,1747315007.3519475
1905,1747315007.3618395
1906,1747315007.3669195
1907,1747315007.3714359
1908,1747315007.3759427
1909,1747315007.384485
1910,1747315007.3940778
1911,1747315007.402912
1912,1747315007.4078028
1913,1747315007.4126854
1914,1747315007.4171917
1915,1747315007.4221983
1916,1747315007.4351797
1917,1747315007.440486
1918,1747315007.4450858
1919,1747315007.4532678
1920,1747315007.4637363
1921,1747315007.4677947
1922,1747315007.4728043
1923,1747315007.4811385
1924,1747315007.486441
1925,1747315007.4955816
1926,1747315007.5040853
1927,1747315007.5089467
1928,1747315007.51396
1929,1747315007.5224702
1930,1747315007.5327408
1931,1747315007.5368536
1932,1747315007.5458658
1933,1747315007.550639
1934,1747315007.554805
1935,1747315007.568847
1936,1747315007.5733504
1937,1747315007.578341
1938,1747315007.5873468
1939,1747315007.591576
1940,1747315007.6016574
1941,1747315007.606693
1942,1747315007.614704
1943,1747315007.6192057
1944,1747315007.6242163
1945,1747315007.6380014
1946,1747315007.642793
1947,1747315007.6478043
1948,1747315007.6518388
1949,1747315007.6604984
1950,1747315007.6705246
1951,1747315007.6755283
1952,1747315007.6835315
1953,1747315007.6881618
1954,1747315007.6931705
1955,1747315007.706408
1956,1747315007.711516
1957,1747315007.7162619
1958,1747315007.7252712
1959,1747315007.7344375
1960,1747315007.7395732
1961,1747315007.7475817
1962,1747315007.7528672
1963,1747315007.7573707
1964,1747315007.7618947
1965,1747315007.775925
1966,1747315007.7804291
1967,1747315007.7852688
1968,1747315007.7940872
1969,1747315007.8034585
1970,1747315007.8081257
1971,1747315007.816673
1972,1747315007.8214111
1973,1747315007.8261898
1974,1747315007.8396964
1975,1747315007.8442042
1976,1747315007.8492565
1977,1747315007.8582737
1978,1747315007.8624887
1979,1747315007.8760324
1980,1747315007.8816564
1981,1747315007.8857014
1982,1747315007.8911483
1983,1747315007.8961568
1984,1747315007.9092855
1985,1747315007.9138966
1986,1747315007.9191968
1987,1747315007.9232297
1988,1747315007.9323795
1989,1747315007.941795
1990,1747315007.9464343
1991,1747315007.9516962
1992,1747315007.9557586
1993,1747315007.9647908
1994,1747315007.974103
1995,1747315007.978944
1996,1747315007.9879599
1997,1747315007.9921813
1998,1747315007.9977038
1999,1747315008.0107098
2000,1747315008.0160108
2001,1747315008.0205183
2002,1747315008.0252738
2003,1747315008.0302813
2004,1747315008.0434146
2005,1747315008.048375
2006,1747315008.057476
2007,1747315008.0614796
2008,1747315008.0669403
2009,1747315008.0795233
2010,1747315008.085026
2011,1747315008.0895278
2012,1747315008.0985785
2013,1747315008.107552
2014,1747315008.1127574
2015,1747315008.117765
2016,1747315008.1257691
2017,1747315008.1310232
2018,1747315008.1407304
2019,1747315008.1457686
2020,1747315008.153272
2021,1747315008.1587734
2022,1747315008.163779
2023,1747315008.1687913
2024,1747315008.1817815
2025,1747315008.1861246
2026,1747315008.1914778
2027,1747315008.1964839
2028,1747315008.2014937
2029,1747315008.2140894
2030,1747315008.2193537
2031,1747315008.223943
2032,1747315008.232666
2033,1747315008.2417955
2034,1747315008.2472322
2035,1747315008.2522466
2036,1747315008.260754
2037,1747315008.2651513
2038,1747315008.2691617
2039,1747315008.283685
2040,1747315008.2882645
2041,1747315008.2932756
2042,1747315008.298286
2043,1747315008.3062959
2044,1747315008.315907
2045,1747315008.321416
2046,1747315008.3294442
2047,1747315008.3344483
2048,1747315008.3438222
2049,1747315008.3489437
2050,1747315008.356955
2051,1747315008.3622627
2052,1747315008.3667657
2053,1747315008.3712747
2054,1747315008.3847442
2055,1747315008.3890338
2056,1747315008.3985467
2057,1747315008.402548
2058,1747315008.4125972
2059,1747315008.4214716
2060,1747315008.4258232
2061,1747315008.431342
2062,1747315008.4358442
2063,1747315008.4488711
2064,1747315008.4543908
2065,1747315008.4588933
2066,1747315008.4668994
2067,1747315008.4724119
2068,1747315008.4816265
2069,1747315008.4905438
2070,1747315008.4953768
2071,1747315008.4995346
2072,1747315008.505273
2073,1747315008.517846
2074,1747315008.5228531
2075,1747315008.5280232
2076,1747315008.5360355
2077,1747315008.5410435
2078,1747315008.5507464
2079,1747315008.5593522
2080,1747315008.564394
2081,1747315008.5688975
2082,1747315008.5770006
2083,1747315008.5870082
2084,1747315008.5917816
2085,1747315008.5967867
2086,1747315008.6057923
2087,1747315008.6182668
2088,1747315008.6232972
2089,1747315008.628198
2090,1747315008.6372015
2091,1747315008.6417959
2092,1747315008.6510148
2093,1747315008.6553245
2094,1747315008.6648574
2095,1747315008.6696417
2096,1747315008.6740377
2097,1747315008.6872592
2098,1747315008.692765
2099,1747315008.696786
2100,1747315008.7057984
2101,1747315008.7108011
2102,1747315008.7204227
2103,1747315008.7289279
2104,1747315008.7338164
2105,1747315008.7383192
2106,1747315008.742829
2107,1747315008.7566903
2108,1747315008.7617178
2109,1747315008.76622
2110,1747315008.7747295
2111,1747315008.7839048
2112,1747315008.79348
2113,1747315008.7978182
2114,1747315008.803318
2115,1747315008.8073704
2116,1747315008.820765
2117,1747315008.8256621
2118,1747315008.8304462
2119,1747315008.838954
2120,1747315008.8439586
2121,1747315008.8567972
2122,1747315008.8623118
2123,1747315008.8668141
2124,1747315008.8714774
2125,1747315008.880415
2126,1747315008.8892572
2127,1747315008.8982697
2128,1747315008.9030857
2129,1747315008.9084585
2130,1747315008.912963
2131,1747315008.9262638
2132,1747315008.9315429
2133,1747315008.9356534
2134,1747315008.9405587
2135,1747315008.9495707
2136,1747315008.959229
2137,1747315008.9638035
2138,1747315008.9723952
2139,1747315008.9772851
2140,1747315008.987075
2141,1747315008.9915833
2142,1747315009.0006793
2143,1747315009.0051835
2144,1747315009.010315
2145,1747315009.014321
2146,1747315009.0279903
2147,1747315009.0334947
2148,1747315009.038504
2149,1747315009.042506
2150,1747315009.0510118
2151,1747315009.0613556
2152,1747315009.0655084
2153,1747315009.0746372
2154,1747315009.0795078
2155,1747315009.0925293
2156,1747315009.0970764
2157,1747315009.1018941
2158,1747315009.1067684
2159,1747315009.1154191
2160,1747315009.125522
2161,1747315009.1305244
2162,1747315009.135027
2163,1747315009.1435404
2164,1747315009.1478791
2165,1747315009.157885
2166,1747315009.162448
2167,1747315009.1716692
2168,1747315009.1757092
2169,1747315009.1806114
2170,1747315009.1935117
2171,1747315009.199525
2172,1747315009.2040865
2173,1747315009.2126386
2174,1747315009.2171419
2175,1747315009.2270787
2176,1747315009.232085
2177,1747315009.2365875
2178,1747315009.2450907
2179,1747315009.2489722
2180,1747315009.262742
2181,1747315009.2682269
2182,1747315009.2728217
2183,1747315009.277323
2184,1747315009.2858326
2185,1747315009.2960343
2186,1747315009.3010375
2187,1747315009.309113
2188,1747315009.3136263
2189,1747315009.318607
2190,1747315009.3321176
2191,1747315009.3370924
2192,1747315009.3416169
2193,1747315009.3466642
2194,1747315009.3546672
2195,1747315009.365106
2196,1747315009.3693159
2197,1747315009.3779519
2198,1747315009.3825753
2199,1747315009.3875198
2200,1747315009.4010613
2201,1747315009.4053783
2202,1747315009.4108868
2203,1747315009.415394
2204,1747315009.423438
2205,1747315009.4333491
2206,1747315009.4385033
2207,1747315009.4470127
2208,1747315009.4515944
2209,1747315009.4561937
2210,1747315009.4689806
2211,1747315009.474989
2212,1747315009.4794931
2213,1747315009.4844854
2214,1747315009.4927855
2215,1747315009.5027723
2216,1747315009.5072756
2217,1747315009.5152814
2218,1747315009.5207717
2219,1747315009.525028
2220,1747315009.5385256
2221,1747315009.543528
2222,1747315009.5486078
2223,1747315009.5531113
2224,1747315009.5616262
2225,1747315009.571645
2226,1747315009.5761476
2227,1747315009.5846505
2228,1747315009.5892117
2229,1747315009.5942347
2230,1747315009.607274
2231,1747315009.6123064
2232,1747315009.617001
2233,1747315009.6250863
2234,1747315009.6349196
2235,1747315009.6404212
2236,1747315009.6494455
2237,1747315009.6539478
2238,1747315009.6589396
2239,1747315009.668735
2240,1747315009.6729286
2241,1747315009.681393
2242,1747315009.6867318
2243,1747315009.6917415
2244,1747315009.6963243
2245,1747315009.7089612
2246,1747315009.7145386
2247,1747315009.7190485
2248,1747315009.7270544
2249,1747315009.7377295
2250,1747315009.7427363
2251,1747315009.7472434
2252,1747315009.7522523
2253,1747315009.760754
2254,1747315009.7702823
2255,1747315009.7749498
2256,1747315009.783456
2257,1747315009.7883656
2258,1747315009.7932417
2259,1747315009.7974944
2260,1747315009.8115125
2261,1747315009.816494
2262,1747315009.821503
2263,1747315009.8250072
2264,1747315009.834528
2265,1747315009.844223
2266,1747315009.848733
2267,1747315009.8571825
2268,1747315009.862153
2269,1747315009.8717077
2270,1747315009.880393
2271,1747315009.8853304
2272,1747315009.889738
2273,1747315009.8947482
2274,1747315009.9033074
2275,1747315009.9132068
2276,1747315009.9177096
2277,1747315009.9222128
2278,1747315009.9307191
2279,1747315009.9412267
2280,1747315009.9462347
2281,1747315009.9547386
2282,1747315009.9593954
2283,1747315009.9643247
2284,1747315009.9736536
2285,1747315009.9819171
2286,1747315009.9864898
2287,1747315009.9914002
2288,1747315009.9969053
2289,1747315010.0044143
2290,1747315010.0149248
2291,1747315010.0229301
2292,1747315010.0279434
2293,1747315010.0318403
2294,1747315010.0461552
2295,1747315010.0511606
2296,1747315010.0561666
2297,1747315010.0606713
2298,1747315010.0682204
2299,1747315010.0787299
2300,1747315010.0874739
2301,1747315010.092528
2302,1747315010.0970416
2303,1747315010.1020257
2304,1747315010.1117036
2305,1747315010.116211
2306,1747315010.1247177
2307,1747315010.1287603
2308,1747315010.1348846
2309,1747315010.1477835
2310,1747315010.1527882
2311,1747315010.1577919
2312,1747315010.1624098
2313,1747315010.1668668
2314,1747315010.1758845
2315,1747315010.1855383
2316,1747315010.19054
2317,1747315010.1985445
2318,1747315010.2035234
2319,1747315010.2135086
2320,1747315010.2176504
2321,1747315010.2261643
2322,1747315010.2308326
2323,1747315010.235226
2324,1747315010.249259
2325,1747315010.2538302
2326,1747315010.2588415
2327,1747315010.2678525
2328,1747315010.2728696
2329,1747315010.282037
2330,1747315010.290755
2331,1747315010.29455
2332,1747315010.3005543
2333,1747315010.3077347
2334,1747315010.3184183
2335,1747315010.3265827
2336,1747315010.3319438
2337,1747315010.3361394
2338,1747315010.341704
2339,1747315010.3552115
2340,1747315010.359713
2341,1747315010.3684852
2342,1747315010.3729863
2343,1747315010.3774884
2344,1747315010.3875358
2345,1747315010.3920445
2346,1747315010.4005468
2347,1747315010.405664
2348,1747315010.4106724
2349,1747315010.4242706
2350,1747315010.4289453
2351,1747315010.4339514
2352,1747315010.4384537
2353,1747315010.4429631
2354,1747315010.4561708
2355,1747315010.4616156
2356,1747315010.4666615
2357,1747315010.4737537
2358,1747315010.484774
2359,1747315010.4923406
2360,1747315010.4973218
2361,1747315010.502822
2362,1747315010.5073247
2363,1747315010.5161366
2364,1747315010.5246363
2365,1747315010.533642
2366,1747315010.5389466
2367,1747315010.544063
2368,1747315010.5530753
2369,1747315010.5617704
2370,1747315010.5667758
2371,1747315010.5712814
2372,1747315010.5764937
2373,1747315010.5815423
2374,1747315010.5940504
2375,1747315010.5990562
2376,1747315010.607561
2377,1747315010.6125827
2378,1747315010.622032
2379,1747315010.631035
2380,1747315010.6355374
2381,1747315010.6405997
2382,1747315010.645354
2383,1747315010.6503932
2384,1747315010.663629
2385,1747315010.668656
2386,1747315010.6732395
2387,1747315010.6777413
2388,1747315010.686568
2389,1747315010.6964314
2390,1747315010.701447
2391,1747315010.7055774
2392,1747315010.71418
2393,1747315010.7245958
2394,1747315010.731937
2395,1747315010.737445
2396,1747315010.7422774
2397,1747315010.746324
2398,1747315010.7603414
2399,1747315010.7653427
2400,1747315010.7697403
2401,1747315010.775064
2402,1747315010.7795768
2403,1747315010.7886016
2404,1747315010.7982643
2405,1747315010.805942
2406,1747315010.8113978
2407,1747315010.8160787
2408,1747315010.8291092
2409,1747315010.8341155
2410,1747315010.8393915
2411,1747315010.844395
2412,1747315010.8523989
2413,1747315010.8623595
2414,1747315010.8668623
2415,1747315010.8713737
2416,1747315010.876551
2417,1747315010.8850548
2418,1747315010.8948517
2419,1747315010.9033651
2420,1747315010.9078255
2421,1747315010.913329
2422,1747315010.9178734
2423,1747315010.9315147
2424,1747315010.9356341
2425,1747315010.9411306
2426,1747315010.945337
2427,1747315010.9540455
2428,1747315010.9638174
2429,1747315010.9683256
2430,1747315010.9773407
2431,1747315010.9823234
2432,1747315010.9863281
2433,1747315011.000351
2434,1747315011.0052452
2435,1747315011.009562
2436,1747315011.0148685
2437,1747315011.0198798
2438,1747315011.0327806
2439,1747315011.038216
2440,1747315011.043221
2441,1747315011.0477226
2442,1747315011.0567298
2443,1747315011.0660436
2444,1747315011.0705595
2445,1747315011.0757477
2446,1747315011.083805
2447,1747315011.0886238
2448,1747315011.09891
2449,1747315011.1069143
2450,1747315011.1120138
2451,1747315011.1165159
2452,1747315011.1215231
2453,1747315011.135035
2454,1747315011.1395369
2455,1747315011.1480417
2456,1747315011.1525202
2457,1747315011.1580222
2458,1747315011.1675568
2459,1747315011.1762264
2460,1747315011.1802745
2461,1747315011.1852915
2462,1747315011.1903145
2463,1747315011.203873
2464,1747315011.2083802
2465,1747315011.2128825
2466,1747315011.221464
2467,1747315011.230975
2468,1747315011.2394192
2469,1747315011.2444234
2470,1747315011.2494788
2471,1747315011.2544823
2472,1747315011.2629888
2473,1747315011.272381
2474,1747315011.2775254
2475,1747315011.2860394
2476,1747315011.290553
2477,1747315011.295135
2478,1747315011.309154
2479,1747315011.3136568
2480,1747315011.3181584
2481,1747315011.3232338
2482,1747315011.3315363
2483,1747315011.3416724
2484,1747315011.3461745
2485,1747315011.354677
2486,1747315011.3597004
2487,1747315011.3689995
2488,1747315011.3780823
2489,1747315011.3827758
2490,1747315011.387284
2491,1747315011.3954008
2492,1747315011.4051795
2493,1747315011.4105685
2494,1747315011.4186418
2495,1747315011.4237027
2496,1747315011.428213
2497,1747315011.4417956
2498,1747315011.446551
2499,1747315011.4513943
2500,1747315011.4568965
2501,1747315011.4649024
2502,1747315011.4744945
2503,1747315011.4831963
2504,1747315011.4881403
2505,1747315011.4929814
2506,1747315011.497497
2507,1747315011.5105083
2508,1747315011.5161734
2509,1747315011.5206766
2510,1747315011.525728
2511,1747315011.5337615
2512,1747315011.543464
2513,1747315011.548611
2514,1747315011.556613
2515,1747315011.5619135
2516,1747315011.5664158
2517,1747315011.579149
2518,1747315011.5851617
2519,1747315011.5896678
2520,1747315011.5941913
2521,1747315011.6024363
2522,1747315011.6129198
2523,1747315011.620922
2524,1747315011.625048
2525,1747315011.6305566
2526,1747315011.6397562
2527,1747315011.648518
2528,1747315011.6538055
2529,1747315011.658305
2530,1747315011.6670115
2531,1747315011.676823
2532,1747315011.6813626
2533,1747315011.690367
2534,1747315011.6948693
2535,1747315011.6998732
2536,1747315011.7128916
2537,1747315011.7179017
2538,1747315011.7228115
2539,1747315011.72737
2540,1747315011.7318742
2541,1747315011.7406461
2542,1747315011.750298
2543,1747315011.755129
2544,1747315011.7632887
2545,1747315011.7688742
2546,1747315011.7786622
2547,1747315011.786665
2548,1747315011.7915218
2549,1747315011.7966633
2550,1747315011.80117
2551,1747315011.814833
2552,1747315011.8196828
2553,1747315011.8242826
2554,1747315011.8295352
2555,1747315011.8335414
2556,1747315011.8427546
2557,1747315011.8522813
2558,1747315011.8567884
2559,1747315011.8658123
2560,1747315011.8705812
2561,1747315011.8836195
2562,1747315011.88823
2563,1747315011.8932412
2564,1747315011.897884
2565,1747315011.906545
2566,1747315011.9161348
2567,1747315011.92081
2568,1747315011.9298134
2569,1747315011.9343307
2570,1747315011.9389925
2571,1747315011.9530914
2572,1747315011.9575925
2573,1747315011.9625962
2574,1747315011.9670985
2575,1747315011.9756067
2576,1747315011.9850936
2577,1747315011.9903882
2578,1747315011.9945326
2579,1747315012.00365
2580,1747315012.0081537
2581,1747315012.017808
2582,1747315012.0268097
2583,1747315012.0315278
2584,1747315012.0360377
2585,1747315012.0447285
2586,1747315012.054101
2587,1747315012.059336
2588,1747315012.0643382
2589,1747315012.0721061
2590,1747315012.0824208
2591,1747315012.086632
2592,1747315012.0957832
2593,1747315012.1004918
2594,1747315012.1050014
2595,1747315012.1105423
2596,1747315012.1237226
2597,1747315012.1283755
2598,1747315012.1329093
2599,1747315012.1376011
2600,1747315012.146608
2601,1747315012.155606
2602,1747315012.1606393
2603,1747315012.1697438
2604,1747315012.173972
2605,1747315012.184035
2606,1747315012.1885467
2607,1747315012.196686
2608,1747315012.2016928
2609,1747315012.210542
2610,1747315012.2203443
2611,1747315012.2248468
2612,1747315012.2290738
2613,1747315012.2380795
2614,1747315012.243089
2615,1747315012.2528338
2616,1747315012.2613962
2617,1747315012.2659981
2618,1747315012.2715125
2619,1747315012.276015
2620,1747315012.2889764
2621,1747315012.2940342
2622,1747315012.3025973
2623,1747315012.307606
2624,1747315012.3127306
2625,1747315012.3217502
2626,1747315012.330631
2627,1747315012.3355312
2628,1747315012.3397162
2629,1747315012.3450618
2630,1747315012.3587444
2631,1747315012.362875
2632,1747315012.3679464
2633,1747315012.376655
2634,1747315012.3813283
2635,1747315012.3906963
2636,1747315012.3997016
2637,1747315012.404204
2638,1747315012.4092116
2639,1747315012.414258
2640,1747315012.4270115
2641,1747315012.432377
2642,1747315012.4374409
2643,1747315012.4454432
2644,1747315012.4553285
2645,1747315012.4595559
2646,1747315012.4680145
2647,1747315012.4735255
2648,1747315012.4776268
2649,1747315012.4866505
2650,1747315012.496148
2651,1747315012.5011516
2652,1747315012.5089922
2653,1747315012.5145051
2654,1747315012.5243733
2655,1747315012.5326314
2656,1747315012.5371375
2657,1747315012.5426788
2658,1747315012.5471802
2659,1747315012.560318
2660,1747315012.5655215
2661,1747315012.5702722
2662,1747315012.5749662
2663,1747315012.583227
2664,1747315012.5929596
2665,1747315012.6016605
2666,1747315012.6061301
2667,1747315012.61153
2668,1747315012.6165314
2669,1747315012.6296873
2670,1747315012.6341894
2671,1747315012.6394556
2672,1747315012.644101
2673,1747315012.6523561
2674,1747315012.66259
2675,1747315012.6660874
2676,1747315012.6757567
2677,1747315012.6804721
2678,1747315012.6856046
2679,1747315012.6986494
2680,1747315012.7037816
2681,1747315012.7082944
2682,1747315012.7128675
2683,1747315012.7210717
2684,1747315012.7313495
2685,1747315012.7393548
2686,1747315012.7443767
2687,1747315012.7494993
2688,1747315012.7535057
2689,1747315012.7676363
2690,1747315012.7725475
2691,1747315012.7777052
2692,1747315012.7818096
2693,1747315012.79044
2694,1747315012.8004632
2695,1747315012.8046465
2696,1747315012.8135738
2697,1747315012.8178895
2698,1747315012.83151
2699,1747315012.8360374
2700,1747315012.8409052
2701,1747315012.8464105
2702,1747315012.8539193
2703,1747315012.8643816
2704,1747315012.868885
2705,1747315012.877901
2706,1747315012.8821137
2707,1747315012.8868995
2708,1747315012.9007447
2709,1747315012.9058344
2710,1747315012.9103386
2711,1747315012.9186535
2712,1747315012.9231396
2713,1747315012.9330516
2714,1747315012.9415715
2715,1747315012.9465287
2716,1747315012.9506578
2717,1747315012.9559028
2718,1747315012.9693372
2719,1747315012.9745524
2720,1747315012.9790604
2721,1747315012.9870718
2722,1747315012.9920063
2723,1747315013.0053759
2724,1747315013.0108793
2725,1747315013.0153813
2726,1747315013.0239968
2727,1747315013.033763
2728,1747315013.0382771
2729,1747315013.0432825
2730,1747315013.051489
2731,1747315013.0571678
2732,1747315013.0663517
2733,1747315013.0747302
2734,1747315013.0794177
2735,1747315013.0845492
2736,1747315013.092579
2737,1747315013.1030173
2738,1747315013.107519
2739,1747315013.115522
2740,1747315013.1205053
2741,1747315013.1255085
2742,1747315013.138513
2743,1747315013.1435158
2744,1747315013.1520267
2745,1747315013.1562426
2746,1747315013.1704504
2747,1747315013.1748354
2748,1747315013.179261
2749,1747315013.1882665
2750,1747315013.193617
2751,1747315013.2032664
2752,1747315013.211538
2753,1747315013.216477
2754,1747315013.2213619
2755,1747315013.2255003
2756,1747315013.2391095
2757,1747315013.2441127
2758,1747315013.24927
2759,1747315013.254274
2760,1747315013.2622805
2761,1747315013.2723212
2762,1747315013.276526
2763,1747315013.2856095
2764,1747315013.2903657
2765,1747315013.2954772
2766,1747315013.308356
2767,1747315013.3130414
2768,1747315013.31796
2769,1747315013.3225744
2770,1747315013.331538
2771,1747315013.3414114
2772,1747315013.345535
2773,1747315013.3536217
2774,1747315013.359236
2775,1747315013.3639035
2776,1747315013.3769786
2777,1747315013.3824823
2778,1747315013.386984
2779,1747315013.3949878
2780,1747315013.4054737
2781,1747315013.4135132
2782,1747315013.4186168
2783,1747315013.4228702
2784,1747315013.4280417
2785,1747315013.4370134
2786,1747315013.446479
2787,1747315013.4514816
2788,1747315013.4591115
2789,1747315013.4646156
2790,1747315013.478187
2791,1747315013.4826908
2792,1747315013.4875705
2793,1747315013.4924784
2794,1747315013.4965932
2795,1747315013.505632
2796,1747315013.5150135
2797,1747315013.520445
2798,1747315013.5255568
2799,1747315013.5296485
2800,1747315013.5386653
2801,1747315013.5480425
2802,1747315013.5560777
2803,1747315013.5614948
2804,1747315013.565643
2805,1747315013.5791276
2806,1747315013.5847216
2807,1747315013.5892248
2808,1747315013.5972376
2809,1747315013.6027818
2810,1747315013.6124709
2811,1747315013.620541
2812,1747315013.6258993
2813,1747315013.6304083
2814,1747315013.6390526
2815,1747315013.6485236
2816,1747315013.6573162
2817,1747315013.6623273
2818,1747315013.6668298
2819,1747315013.674901
2820,1747315013.6848602
2821,1747315013.68905
2822,1747315013.698554
2823,1747315013.7030613
2824,1747315013.712758
2825,1747315013.7210248
2826,1747315013.7263258
2827,1747315013.731356
2828,1747315013.7355425
2829,1747315013.7493217
2830,1747315013.7538254
2831,1747315013.758837
2832,1747315013.766842
2833,1747315013.7723525
2834,1747315013.781583
2835,1747315013.7905068
2836,1747315013.794862
2837,1747315013.800446
2838,1747315013.804956
2839,1747315013.818465
2840,1747315013.8234665
2841,1747315013.8274698
2842,1747315013.8359718
2843,1747315013.8409758
2844,1747315013.850696
2845,1747315013.859702
2846,1747315013.8639097
2847,1747315013.8686182
2848,1747315013.877479
2849,1747315013.8872063
2850,1747315013.8922145
2851,1747315013.896373
2852,1747315013.904522
2853,1747315013.914679
2854,1747315013.9231873
2855,1747315013.9283097
2856,1747315013.9328105
2857,1747315013.938162
2858,1747315013.9461834
2859,1747315013.956033
2860,1747315013.9610362
2861,1747315013.9691713
2862,1747315013.9744556
2863,1747315013.983961
2864,1747315013.991964
2865,1747315013.9967854
2866,1747315014.00229
2867,1747315014.0072923
2868,1747315014.0203164
2869,1747315014.0252063
2870,1747315014.0290282
2871,1747315014.0350366
2872,1747315014.0437155
2873,1747315014.0531328
2874,1747315014.0572562
2875,1747315014.0622633
2876,1747315014.0706222
2877,1747315014.0755107
2878,1747315014.0886898
2879,1747315014.0938861
2880,1747315014.099024
2881,1747315014.1031203
2882,1747315014.1117334
2883,1747315014.1217577
2884,1747315014.1262717
2885,1747315014.135285
2886,1747315014.139067
2887,1747315014.148075
2888,1747315014.1578424
2889,1747315014.1633518
2890,1747315014.1708581
2891,1747315014.1764212
2892,1747315014.1859317
2893,1747315014.1944346
2894,1747315014.1988297
2895,1747315014.2044501
2896,1747315014.208958
2897,1747315014.221766
2898,1747315014.2272344
2899,1747315014.2318447
2900,1747315014.23636
2901,1747315014.2456
2902,1747315014.2553546
2903,1747315014.259358
2904,1747315014.2685041
2905,1747315014.2725098
2906,1747315014.2775228
2907,1747315014.2915356
2908,1747315014.295536
2909,1747315014.3005323
2910,1747315014.3054917
2911,1747315014.310347
2912,1747315014.3238935
2913,1747315014.3283956
2914,1747315014.3333988
2915,1747315014.3415577
2916,1747315014.3470612
2917,1747315014.3563666
2918,1747315014.364497
2919,1747315014.3691459
2920,1747315014.378667
2921,1747315014.3880274
2922,1747315014.3930347
2923,1747315014.4015608
2924,1747315014.4055617
2925,1747315014.4110556
2926,1747315014.4207175
2927,1747315014.4257207
2928,1747315014.433724
2929,1747315014.4383552
2930,1747315014.4433572
2931,1747315014.4481769
2932,1747315014.4620361
2933,1747315014.4666467
2934,1747315014.4717026
2935,1747315014.4788868
2936,1747315014.489599
2937,1747315014.4941847
2938,1747315014.5027823
2939,1747315014.5073676
2940,1747315014.5124948
2941,1747315014.5254743
2942,1747315014.5305076
2943,1747315014.5352817
2944,1747315014.5437937
2945,1747315014.5482926
2946,1747315014.5619988
2947,1747315014.5672953
2948,1747315014.5724432
2949,1747315014.5765343
2950,1747315014.5855536
2951,1747315014.5948136
2952,1747315014.6003158
2953,1747315014.608278
2954,1747315014.6127844
2955,1747315014.6260142
2956,1747315014.6315157
2957,1747315014.636324
2958,1747315014.6412969
2959,1747315014.6459212
2960,1747315014.6505153
2961,1747315014.6638763
2962,1747315014.6685584
2963,1747315014.6736205
2964,1747315014.6816328
2965,1747315014.6915882
2966,1747315014.6969016
2967,1747315014.7048275
2968,1747315014.710277
2969,1747315014.7144415
2970,1747315014.7283347
2971,1747315014.7328377
2972,1747315014.7380621
2973,1747315014.74607
2974,1747315014.7513769
2975,1747315014.76067
2976,1747315014.7692976
2977,1747315014.7738333
2978,1747315014.7792327
2979,1747315014.7838368
2980,1747315014.7978098
2981,1747315014.8028142
2982,1747315014.8073165
2983,1747315014.8123205
2984,1747315014.8168314
2985,1747315014.8304493
2986,1747315014.835453
2987,1747315014.8404543
2988,1747315014.8484619
2989,1747315014.8534734
2990,1747315014.862602
2991,1747315014.8681037
2992,1747315014.876111
2993,1747315014.880749
2994,1747315014.8858666
2995,1747315014.8995647
2996,1747315014.9036286
2997,1747315014.9086447
2998,1747315014.9173622
2999,1747315014.9271755
3000,1747315014.9321823
3001,1747315014.936685
3002,1747315014.945191
3003,1747315014.9490778
3004,1747315014.954594
3005,1747315014.9678857
3006,1747315014.972398
3007,1747315014.9813683
3008,1747315014.9858723
3009,1747315014.9960184
3010,1747315015.0010216
3011,1747315015.0095239
3012,1747315015.014026
3013,1747315015.018032
3014,1747315015.0317822
3015,1747315015.0372267
3016,1747315015.0412319
3017,1747315015.0507386
3018,1747315015.055287
3019,1747315015.0648
3020,1747315015.0734928
3021,1747315015.0783315
3022,1747315015.0832372
3023,1747315015.0873513
3024,1747315015.1013594
3025,1747315015.106262
3026,1747315015.11032
3027,1747315015.1159263
3028,1747315015.1246166
3029,1747315015.1337261
3030,1747315015.138489
3031,1747315015.1474977
3032,1747315015.1517808
3033,1747315015.1568096
3034,1747315015.170301
3035,1747315015.1748104
3036,1747315015.1790533
3037,1747315015.1876767
3038,1747315015.1979082
3039,1747315015.2069116
3040,1747315015.2110813
3041,1747315015.216317
3042,1747315015.2213643
3043,1747315015.228876
3044,1747315015.2393377
3045,1747315015.247341
3046,1747315015.2526834
3047,1747315015.2576857
3048,1747315015.2707484
3049,1747315015.275757
3050,1747315015.2806761
3051,1747315015.2851856
3052,1747315015.293398
3053,1747315015.3031538
3054,1747315015.3078268
3055,1747315015.3168488
3056,1747315015.3216903
3057,1747315015.3267004
3058,1747315015.3357847
3059,1747315015.3449152
3060,1747315015.3489585
3061,1747315015.3539722
3062,1747315015.3626723
3063,1747315015.372723
3064,1747315015.3768144
3065,1747315015.3858259
3066,1747315015.3906417
3067,1747315015.395703
3068,1747315015.4047968
3069,1747315015.4133284
3070,1747315015.418125
3071,1747315015.4236617
3072,1747315015.43168
3073,1747315015.441451
3074,1747315015.4459653
3075,1747315015.45059
3076,1747315015.459111
3077,1747315015.4637773
3078,1747315015.47394
3079,1747315015.4819462
3080,1747315015.487363
3081,1747315015.4923975
3082,1747315015.4965436
3083,1747315015.510329
3084,1747315015.5148976
3085,1747315015.5235538
3086,1747315015.5284383
3087,1747315015.5380967
3088,1747315015.542662
3089,1747315015.5517445
3090,1747315015.5563407
3091,1747315015.5613673
3092,1747315015.5660877
3093,1747315015.5795934
3094,1747315015.5835967
3095,1747315015.5890605
3096,1747315015.5940661
3097,1747315015.6026466
3098,1747315015.6116123
3099,1747315015.6165237
3100,1747315015.6215754
3101,1747315015.6295798
3102,1747315015.6391
3103,1747315015.6481352
3104,1747315015.6530871
3105,1747315015.6575954
3106,1747315015.6630979
3107,1747315015.6754422
3108,1747315015.6809006
3109,1747315015.686105
3110,1747315015.690607
3111,1747315015.6956103
3112,1747315015.7036383
3113,1747315015.713376
3114,1747315015.718581
3115,1747315015.7270844
3116,1747315015.731599
3117,1747315015.741494
3118,1747315015.7459962
3119,1747315015.7506275
3120,1747315015.7597637
3121,1747315015.7642698
3122,1747315015.7687716
3123,1747315015.778963
3124,1747315015.7874615
3125,1747315015.7915602
3126,1747315015.7965682
3127,1747315015.8015742
3128,1747315015.8152254
3129,1747315015.8195512
3130,1747315015.8245568
3131,1747315015.8297613
3132,1747315015.8382282
3133,1747315015.8480046
3134,1747315015.8560076
3135,1747315015.860583
3136,1747315015.8659241
3137,1747315015.8710237
3138,1747315015.8835292
3139,1747315015.8889055
3140,1747315015.8939118
3141,1747315015.8984146
3142,1747315015.9074452
3143,1747315015.9167933
3144,1747315015.921091
3145,1747315015.9265943
3146,1747315015.9346323
3147,1747315015.9441216
3148,1747315015.9491265
3149,1747315015.9581301
3150,1747315015.9626336
3151,1747315015.9676366
3152,1747315015.972645
3153,1747315015.985249
3154,1747315015.990595
3155,1747315015.9957302
3156,1747315016.0002925
3157,1747315016.0053391
3158,1747315016.0190964
3159,1747315016.0235996
3160,1747315016.0279627
3161,1747315016.0334666
3162,1747315016.0381975
3163,1747315016.0508113
3164,1747315016.0563686
3165,1747315016.0605128
3166,1747315016.0656707
3167,1747315016.0741692
3168,1747315016.0841758
3169,1747315016.0888999
3170,1747315016.0979044
3171,1747315016.102615
3172,1747315016.1071227
3173,1747315016.120655
3174,1747315016.1255293
3175,1747315016.130473
3176,1747315016.1347406
3177,1747315016.1402955
3178,1747315016.1533728
3179,1747315016.1578808
3180,1747315016.1668887
3181,1747315016.1714017
3182,1747315016.176097
3183,1747315016.1860516
3184,1747315016.194556
3185,1747315016.1990578
3186,1747315016.2040615
3187,1747315016.2090683
3188,1747315016.2222762
3189,1747315016.2272384
3190,1747315016.2320478
3191,1747315016.2371316
3192,1747315016.2411664
3193,1747315016.25512
3194,1747315016.2596242
3195,1747315016.268645
3196,1747315016.2721496
3197,1747315016.2827604
3198,1747315016.287419
3199,1747315016.2954264
3200,1747315016.3004951
3201,1747315016.3053737
3202,1747315016.3104792
3203,1747315016.3240206
3204,1747315016.3281527
3205,1747315016.333194
3206,1747315016.3422716
3207,1747315016.350982
3208,1747315016.3594944
3209,1747315016.364887
3210,1747315016.3689444
3211,1747315016.3739552
3212,1747315016.383353
3213,1747315016.3925211
3214,1747315016.3975315
3215,1747315016.405583
3216,1747315016.4104085
3217,1747315016.4206135
3218,1747315016.4291182
3219,1747315016.4336228
3220,1747315016.4387221
3221,1747315016.4427276
3222,1747315016.4569228
3223,1747315016.461924
3224,1747315016.466426
3225,1747315016.4749281
3226,1747315016.4788525
3227,1747315016.4928663
3228,1747315016.4979937
3229,1747315016.502514
3230,1747315016.5071669
3231,1747315016.512678
3232,1747315016.525282
3233,1747315016.5306127
3234,1747315016.5351698
3235,1747315016.5437062
3236,1747315016.5487227
3237,1747315016.5580254
3238,1747315016.5670452
3239,1747315016.571809
3240,1747315016.5759714
3241,1747315016.5815928
3242,1747315016.5947266
3243,1747315016.5992255
3244,1747315016.6082888
3245,1747315016.611787
3246,1747315016.6229002
3247,1747315016.6274018
3248,1747315016.6354063
3249,1747315016.6407862
3250,1747315016.645793
3251,1747315016.6506155
3252,1747315016.6638515
3253,1747315016.668358
3254,1747315016.6728578
3255,1747315016.6778083
3256,1747315016.6860616
3257,1747315016.6958039
3258,1747315016.704333
3259,1747315016.7097301
3260,1747315016.7147415
3261,1747315016.727779
3262,1747315016.73228
3263,1747315016.7375286
3264,1747315016.7420301
3265,1747315016.750912
3266,1747315016.7607625
3267,1747315016.765265
3268,1747315016.7702703
3269,1747315016.7787728
3270,1747315016.783026
3271,1747315016.7935557
3272,1747315016.801578
3273,1747315016.8066008
3274,1747315016.8114154
3275,1747315016.8159232
3276,1747315016.8244553
3277,1747315016.8339987
3278,1747315016.838762
3279,1747315016.8437748
3280,1747315016.8518622
3281,1747315016.8618689
3282,1747315016.8705423
3283,1747315016.8755448
3284,1747315016.880301
3285,1747315016.8853047
3286,1747315016.8950837
3287,1747315016.9030871
3288,1747315016.9072213
3289,1747315016.913225
3290,1747315016.9213736
3291,1747315016.9312267
3292,1747315016.9357288
3293,1747315016.9404013
3294,1747315016.9495542
3295,1747315016.9541633
3296,1747315016.9637294
3297,1747315016.9682314
3298,1747315016.9772356
3299,1747315016.9815037
3300,1747315016.9868286
3301,1747315017.0004778
3302,1747315017.0050519
3303,1747315017.0091403
3304,1747315017.0147297
3305,1747315017.0195098
3306,1747315017.0280156
3307,1747315017.0376327
3308,1747315017.0421357
3309,1747315017.0508435
3310,1747315017.056121
3311,1747315017.0652294
3312,1747315017.0737302
3313,1747315017.07902
3314,1747315017.0835514
3315,1747315017.0886986
3316,1747315017.1014652
3317,1747315017.106788
3318,1747315017.1112905
3319,1747315017.1202934
3320,1747315017.1244142
3321,1747315017.1384466
3322,1747315017.1426094
3323,1747315017.147905
3324,1747315017.1529121
3325,1747315017.1606286
3326,1747315017.1709802
3327,1747315017.1754823
3328,1747315017.1836417
3329,1747315017.1884706
3330,1747315017.1934772
3331,1747315017.2066958
3332,1747315017.2119098
3333,1747315017.216412
3334,1747315017.2210827
3335,1747315017.229585
3336,1747315017.2393742
3337,1747315017.2475886
3338,1747315017.2525992
3339,1747315017.2576497
3340,1747315017.2623713
3341,1747315017.2758033
3342,1747315017.2806914
3343,1747315017.2856975
3344,1747315017.2946997
3345,1747315017.304284
3346,1747315017.3093112
3347,1747315017.3178432
3348,1747315017.3223455
3349,1747315017.32674
3350,1747315017.336855
3351,1747315017.3413644
3352,1747315017.3491986
3353,1747315017.3552067
3354,1747315017.359213
3355,1747315017.3732681
3356,1747315017.37835
3357,1747315017.382495
3358,1747315017.387254
3359,1747315017.3957982
3360,1747315017.4055727
3361,1747315017.4146912
3362,1747315017.4186952
3363,1747315017.423875
3364,1747315017.4288845
3365,1747315017.441896
3366,1747315017.4469185
3367,1747315017.4518306
3368,1747315017.4565415
3369,1747315017.4696271
3370,1747315017.4751313
3371,1747315017.479167
3372,1747315017.4841707
3373,1747315017.4926434
3374,1747315017.4976523
3375,1747315017.511668
3376,1747315017.5156677
3377,1747315017.5210342
3378,1747315017.5261714
3379,1747315017.5306797
3380,1747315017.5436876
3381,1747315017.5488348
3382,1747315017.5534394
3383,1747315017.558447
3384,1747315017.5665398
3385,1747315017.576294
3386,1747315017.5813687
3387,1747315017.588878
3388,1747315017.5948834
3389,1747315017.5988913
3390,1747315017.612406
3391,1747315017.617833
3392,1747315017.6228359
3393,1747315017.6313388
3394,1747315017.6403236
3395,1747315017.644675
3396,1747315017.654181
3397,1747315017.6591828
3398,1747315017.663695
3399,1747315017.668292
3400,1747315017.6814637
3401,1747315017.6867788
3402,1747315017.6912813
3403,1747315017.7002854
3404,1747315017.7092922
3405,1747315017.7147977
3406,1747315017.7233007
3407,1747315017.727802
3408,1747315017.7328045
3409,1747315017.7456973
3410,1747315017.7510037
3411,1747315017.755507
3412,1747315017.7605138
3413,1747315017.7686193
3414,1747315017.778749
3415,1747315017.7873445
3416,1747315017.7915046
3417,1747315017.7963474
3418,1747315017.8017383
3419,1747315017.814461
3420,1747315017.8189158
3421,1747315017.8249226
3422,1747315017.8334348
3423,1747315017.8379781
3424,1747315017.8477013
3425,1747315017.85222
3426,1747315017.857153
3427,1747315017.8654928
3428,1747315017.8706143
3429,1747315017.8804133
3430,1747315017.888543
3431,1747315017.893047
3432,1747315017.8985317
3433,1747315017.9030366
3434,1747315017.9166155
3435,1747315017.9212224
3436,1747315017.9262862
3437,1747315017.9312987
3438,1747315017.9387982
3439,1747315017.9488196
3440,1747315017.957834
3441,1747315017.9625828
3442,1747315017.967081
3443,1747315017.97609
3444,1747315017.985659
3445,1747315017.9904683
3446,1747315017.994974
3447,1747315017.9992027
3448,1747315018.0087202
3449,1747315018.0178766
3450,1747315018.026885
3451,1747315018.0315008
3452,1747315018.0360126
3453,1747315018.044561
3454,1747315018.0542786
3455,1747315018.0593765
3456,1747315018.0639744
3457,1747315018.0720098
3458,1747315018.0823727
3459,1747315018.0868852
3460,1747315018.0958884
3461,1747315018.100477
3462,1747315018.1052642
3463,1747315018.1092663
3464,1747315018.1234949
3465,1747315018.127999
3466,1747315018.1370137
3467,1747315018.14163
3468,1747315018.1546764
3469,1747315018.1592717
3470,1747315018.164124
3471,1747315018.1690474
3472,1747315018.178115
3473,1747315018.187567
3474,1747315018.1920688
3475,1747315018.2007709
3476,1747315018.2052724
3477,1747315018.2105522
3478,1747315018.2240748
3479,1747315018.2280748
3480,1747315018.2335815
3481,1747315018.238647
3482,1747315018.242151
3483,1747315018.2562006
3484,1747315018.2615287
3485,1747315018.2660313
3486,1747315018.2750607
3487,1747315018.2792406
3488,1747315018.2892618
3489,1747315018.2938275
3490,1747315018.298541
3491,1747315018.307565
3492,1747315018.3119254
3493,1747315018.3215954
3494,1747315018.3306289
3495,1747315018.3351314
3496,1747315018.339633
3497,1747315018.3446376
3498,1747315018.3536434
3499,1747315018.3628392
3500,1747315018.367876
3501,1747315018.3759286
3502,1747315018.3807595
3503,1747315018.3905156
3504,1747315018.3997252
3505,1747315018.4037278
3506,1747315018.409056
3507,1747315018.4140906
3508,1747315018.4275546
3509,1747315018.4326847
3510,1747315018.4366844
3511,1747315018.441761
3512,1747315018.4465284
3513,1747315018.4550364
3514,1747315018.4646215
3515,1747315018.469545
3516,1747315018.4742515
3517,1747315018.4828675
3518,1747315018.4925897
3519,1747315018.4976227
3520,1747315018.5056388
3521,1747315018.5104911
3522,1747315018.5158129
3523,1747315018.5287616
3524,1747315018.5342646
3525,1747315018.538768
3526,1747315018.5437744
3527,1747315018.5518446
3528,1747315018.5614884
3529,1747315018.5704956
3530,1747315018.57554
3531,1747315018.5795624
3532,1747315018.5842779
3533,1747315018.594233
3534,1747315018.6026394
3535,1747315018.6078417
3536,1747315018.6123514
3537,1747315018.6175845
3538,1747315018.631478
3539,1747315018.635979
3540,1747315018.6404805
3541,1747315018.6489174
3542,1747315018.6539292
3543,1747315018.6640158
3544,1747315018.6720192
3545,1747315018.676335
3546,1747315018.6823466
3547,1747315018.6903632
3548,1747315018.6997063
3549,1747315018.7047908
3550,1747315018.7133205
3551,1747315018.7183347
3552,1747315018.723354
3553,1747315018.7328663
3554,1747315018.7373848
3555,1747315018.7464006
3556,1747315018.750602
3557,1747315018.756116
3558,1747315018.7692199
3559,1747315018.773723
3560,1747315018.778477
3561,1747315018.783082
3562,1747315018.7923796
3563,1747315018.8015728
3564,1747315018.8061035
3565,1747315018.814648
3566,1747315018.8188553
3567,1747315018.8248758
3568,1747315018.8374994
3569,1747315018.8426902
3570,1747315018.8474133
3571,1747315018.8556416
3572,1747315018.8661063
3573,1747315018.8707013
3574,1747315018.87921
3575,1747315018.8837128
3576,1747315018.8883173
3577,1747315018.9018462
3578,1747315018.9073503
3579,1747315018.9114084
3580,1747315018.9167206
3581,1747315018.9207268
3582,1747315018.9297347
3583,1747315018.9428475
3584,1747315018.9478498
3585,1747315018.952885
3586,1747315018.958089
3587,1747315018.9711282
3588,1747315018.9761403
3589,1747315018.9806492
3590,1747315018.9886794
3591,1747315018.99369
3592,1747315019.0029452
3593,1747315019.0118213
3594,1747315019.0170352
3595,1747315019.021558
3596,1747315019.0260692
3597,1747315019.0389612
3598,1747315019.044515
3599,1747315019.0526876
3600,1747315019.0576358
3601,1747315019.0706506
3602,1747315019.0757172
3603,1747315019.080635
3604,1747315019.088807
3605,1747315019.09457
3606,1747315019.1079674
3607,1747315019.1124766
3608,1747315019.117325
3609,1747315019.1218114
3610,1747315019.1269581
3611,1747315019.1403072
3612,1747315019.1448116
3613,1747315019.1490464
3614,1747315019.158345
3615,1747315019.1633525
3616,1747315019.1724865
3617,1747315019.1814094
3618,1747315019.1863396
3619,1747315019.1913476
3620,1747315019.1958482
3621,1747315019.2095935
3622,1747315019.2140958
3623,1747315019.2186053
3624,1747315019.2237396
3625,1747315019.2317517
3626,1747315019.2413814
3627,1747315019.2503848
3628,1747315019.2553174
3629,1747315019.26026
3630,1747315019.2647626
3631,1747315019.2786422
3632,1747315019.2833054
3633,1747315019.2883174
3634,1747315019.2923234
3635,1747315019.300832
3636,1747315019.3104248
3637,1747315019.3195968
3638,1747315019.3246799
3639,1747315019.3293304
3640,1747315019.3338945
3641,1747315019.347307
3642,1747315019.351777
3643,1747315019.3567052
3644,1747315019.3617108
3645,1747315019.37072
3646,1747315019.3790832
3647,1747315019.3850923
3648,1747315019.389098
3649,1747315019.3981037
3650,1747315019.407962
3651,1747315019.4159746
3652,1747315019.4207442
3653,1747315019.4260173
3654,1747315019.4305725
3655,1747315019.4388368
3656,1747315019.4487677
3657,1747315019.4534721
3658,1747315019.4622405
3659,1747315019.4672487
3660,1747315019.4768884
3661,1747315019.4814048
3662,1747315019.49072
3663,1747315019.4952235
3664,1747315019.5000203
3665,1747315019.509258
3666,1747315019.5182698
3667,1747315019.5225558
3668,1747315019.5278766
3669,1747315019.53248
3670,1747315019.541328
3671,1747315019.5504365
3672,1747315019.5553205
3673,1747315019.5635128
3674,1747315019.5689425
3675,1747315019.5816064
3676,1747315019.5865247
3677,1747315019.5915012
3678,1747315019.596714
3679,1747315019.6047177
3680,1747315019.614833
3681,1747315019.619335
3682,1747315019.628338
3683,1747315019.6328406
3684,1747315019.638343
3685,1747315019.647963
3686,1747315019.6519978
3687,1747315019.661014
3688,1747315019.6653676
3689,1747315019.670874
3690,1747315019.6839004
3691,1747315019.6888278
3692,1747315019.6933708
3693,1747315019.6985347
3694,1747315019.70365
3695,1747315019.7166233
3696,1747315019.721478
3697,1747315019.7266216
3698,1747315019.7313197
3699,1747315019.7355127
3700,1747315019.749387
3701,1747315019.753889
3702,1747315019.758643
3703,1747315019.767657
3704,1747315019.7726696
3705,1747315019.7817028
3706,1747315019.7903662
3707,1747315019.794876
3708,1747315019.7992558
3709,1747315019.8047643
3710,1747315019.8184083
3711,1747315019.8230555
3712,1747315019.828096
3713,1747315019.8361018
3714,1747315019.8461776
3715,1747315019.8506792
3716,1747315019.859182
3717,1747315019.8646898
3718,1747315019.868692
3719,1747315019.874379
3720,1747315019.8868449
3721,1747315019.8918488
3722,1747315019.8968592
3723,1747315019.9053864
3724,1747315019.9187996
3725,1747315019.923846
3726,1747315019.928007
3727,1747315019.933014
3728,1747315019.9416838
3729,1747315019.9510343
3730,1747315019.9590938
3731,1747315019.9651017
3732,1747315019.9696033
3733,1747315019.9741151
3734,1747315019.9872894
3735,1747315019.9924166
3736,1747315019.9969187
3737,1747315020.0056932
3738,1747315020.0156155
3739,1747315020.0206463
3740,1747315020.0282931
3741,1747315020.033796
3742,1747315020.0383015
3743,1747315020.042995
3744,1747315020.056666
3745,1747315020.0616987
3746,1747315020.0667105
3747,1747315020.0748153
3748,1747315020.0841944
3749,1747315020.08935
3750,1747315020.0943525
3751,1747315020.0993605
3752,1747315020.1073694
3753,1747315020.1174994
3754,1747315020.1215045
3755,1747315020.1305082
3756,1747315020.135478
3757,1747315020.140271
3758,1747315020.1494074
3759,1747315020.1584134
3760,1747315020.1629183
3761,1747315020.1680145
3762,1747315020.1721852
3763,1747315020.1807296
3764,1747315020.190673
3765,1747315020.198894
3766,1747315020.2044187
3767,1747315020.2094262
3768,1747315020.2188125
3769,1747315020.2273982
3770,1747315020.2322974
3771,1747315020.237414
3772,1747315020.2420413
3773,1747315020.2551558
3774,1747315020.2595685
3775,1747315020.265134
3776,1747315020.269145
3777,1747315020.2780633
3778,1747315020.2868667
3779,1747315020.2923715
3780,1747315020.30052
3781,1747315020.3054743
3782,1747315020.3104825
3783,1747315020.3237195
3784,1747315020.3285258
3785,1747315020.3375344
3786,1747315020.3420382
3787,1747315020.3463652
3788,1747315020.3563998
3789,1747315020.361576
3790,1747315020.366091
3791,1747315020.3750982
3792,1747315020.3790367
3793,1747315020.3926768
3794,1747315020.3979082
3795,1747315020.4024105
3796,1747315020.410984
3797,1747315020.4203968
3798,1747315020.4257476
3799,1747315020.4337509
3800,1747315020.4384606
3801,1747315020.4434633
3802,1747315020.4519703
3803,1747315020.4615393
3804,1747315020.4665422
3805,1747315020.4750514
3806,1747315020.4792168
3807,1747315020.4893131
3808,1747315020.4976256
3809,1747315020.5031774
3810,1747315020.5081892
3811,1747315020.5162544
3812,1747315020.5264196
3813,1747315020.5314915
3814,1747315020.5360005
3815,1747315020.5405028
3816,1747315020.5496612
3817,1747315020.5590277
3818,1747315020.563031
3819,1747315020.572541
3820,1747315020.5770435
3821,1747315020.581547
3822,1747315020.5953197
3823,1747315020.6003299
3824,1747315020.6048448
3825,1747315020.6134486
3826,1747315020.617951
3827,1747315020.62796
3828,1747315020.6325278
3829,1747315020.6414342
3830,1747315020.6462193
3831,1747315020.6512659
3832,1747315020.6647782
3833,1747315020.668779
3834,1747315020.6737976
3835,1747315020.6789687
3836,1747315020.6839778
3837,1747315020.6970253
3838,1747315020.7019005
3839,1747315020.7069101
3840,1747315020.7115645
3841,1747315020.7166061
3842,1747315020.7296097
3843,1747315020.7346141
3844,1747315020.7391157
3845,1747315020.748119
3846,1747315020.7526355
3847,1747315020.7619185
3848,1747315020.7664254
3849,1747315020.7759333
3850,1747315020.7804189
3851,1747315020.785426
3852,1747315020.7980404
3853,1747315020.8035457
3854,1747315020.8085535
3855,1747315020.8126783
3856,1747315020.821684
3857,1747315020.8317854
3858,1747315020.8357885
3859,1747315020.8405893
3860,1747315020.8490922
3861,1747315020.8540957
3862,1747315020.8675292
3863,1747315020.872537
3864,1747315020.877039
3865,1747315020.8850458
3866,1747315020.895696
3867,1747315020.9006994
3868,1747315020.904702
3869,1747315020.9137104
3870,1747315020.9180372
3871,1747315020.9277833
3872,1747315020.9367988
3873,1747315020.941605
3874,1747315020.9461272
3875,1747315020.9547265
3876,1747315020.9642527
3877,1747315020.969269
3878,1747315020.977278
3879,1747315020.9827027
3880,1747315020.9877157
3881,1747315020.9967537
3882,1747315021.005257
3883,1747315021.010628
3884,1747315021.0151305
3885,1747315021.020262
3886,1747315021.033774
3887,1747315021.0379038
3888,1747315021.0429082
3889,1747315021.0515769
3890,1747315021.0573018
3891,1747315021.0662813
3892,1747315021.0713594
3893,1747315021.0795567
3894,1747315021.0847278
3895,1747315021.0897331
3896,1747315021.1027503
3897,1747315021.1072438
3898,1747315021.1126373
3899,1747315021.1171386
3900,1747315021.1261585
3901,1747315021.135526
3902,1747315021.140375
3903,1747315021.1455183
3904,1747315021.1496053
3905,1747315021.1578841
3906,1747315021.1678574
3907,1747315021.1728683
3908,1747315021.1816
3909,1747315021.1863675
3910,1747315021.1909685
3911,1747315021.2050145
3912,1747315021.2087965
3913,1747315021.2185001
3914,1747315021.2229986
3915,1747315021.2330573
3916,1747315021.238119
3917,1747315021.2426279
3918,1747315021.2471352
3919,1747315021.2551394
3920,1747315021.269425
3921,1747315021.2735033
3922,1747315021.2785587
3923,1747315021.2834895
3924,1747315021.292007
3925,1747315021.3020515
3926,1747315021.3063161
3927,1747315021.315344
3928,1747315021.3190928
3929,1747315021.3245993
3930,1747315021.3382564
3931,1747315021.342759
3932,1747315021.3478465
3933,1747315021.3558526
3934,1747315021.3613782
3935,1747315021.3704078
3936,1747315021.3797307
3937,1747315021.3838933
3938,1747315021.3885353
3939,1747315021.3939388
3940,1747315021.4072635
3941,1747315021.411566
3942,1747315021.4169824
3943,1747315021.4215004
3944,1747315021.4296274
3945,1747315021.4396954
3946,1747315021.447698
3947,1747315021.4531393
3948,1747315021.4576406
3949,1747315021.4621618
3950,1747315021.4760935
3951,1747315021.4806015
3952,1747315021.4854155
3953,1747315021.4946477
3954,1747315021.5037026
3955,1747315021.5122123
3956,1747315021.5173383
3957,1747315021.5223436
3958,1747315021.5268514
3959,1747315021.5407457
3960,1747315021.545249
3961,1747315021.5503073
3962,1747315021.555201
3963,1747315021.559704
3964,1747315021.5679414
3965,1747315021.5774493
3966,1747315021.5829513
3967,1747315021.5909538
3968,1747315021.5954716
3969,1747315021.6051533
3970,1747315021.6136954
3971,1747315021.6184459
3972,1747315021.6233418
3973,1747315021.6282063
3974,1747315021.641383
3975,1747315021.6467059
3976,1747315021.651718
3977,1747315021.6589274
3978,1747315021.66496
3979,1747315021.6742172
3980,1747315021.6826184
3981,1747315021.6873238
3982,1747315021.692831
3983,1747315021.6973388
3984,1747315021.7104568
3985,1747315021.7155738
3986,1747315021.7207327
3987,1747315021.7247498
3988,1747315021.7336924
3989,1747315021.7430387
3990,1747315021.7478423
3991,1747315021.756857
3992,1747315021.761118
3993,1747315021.7666056
3994,1747315021.7796388
3995,1747315021.7841408
3996,1747315021.78941
3997,1747315021.7939196
3998,1747315021.7992404
3999,1747315021.8123765
4000,1747315021.8167129
4001,1747315021.8215053
4002,1747315021.826521
4003,1747315021.8350563
4004,1747315021.8452168
4005,1747315021.8538246
4006,1747315021.8583224
4007,1747315021.8628333
4008,1747315021.868182
4009,1747315021.8809605
4010,1747315021.886268
4011,1747315021.8907735
4012,1747315021.8955648
4013,1747315021.9046142
4014,1747315021.9141457
4015,1747315021.9186583
4016,1747315021.9271703
4017,1747315021.9324982
4018,1747315021.9370127
4019,1747315021.950536
4020,1747315021.9547575
4021,1747315021.9596937
4022,1747315021.9682052
4023,1747315021.9732604
4024,1747315021.9828773
4025,1747315021.991523
4026,1747315021.9967542
4027,1747315022.0007775
4028,1747315022.010375
4029,1747315022.0192556
4030,1747315022.0242705
4031,1747315022.0327904
4032,1747315022.0373466
4033,1747315022.0505514
4034,1747315022.0554698
4035,1747315022.0606205
4036,1747315022.0652635
4037,1747315022.0737689
4038,1747315022.0838416
4039,1747315022.0885866
4040,1747315022.0975997
4041,1747315022.1017776
4042,1747315022.1072915
4043,1747315022.1203036
4044,1747315022.125231
4045,1747315022.129738
4046,1747315022.134446
4047,1747315022.1389506
4048,1747315022.1530015
4049,1747315022.1575193
4050,1747315022.1665254
4051,1747315022.1706786
4052,1747315022.1756904
4053,1747315022.1888738
4054,1747315022.193887
4055,1747315022.1989572
4056,1747315022.2024615
4057,1747315022.2126813
4058,1747315022.2215798
4059,1747315022.230598
4060,1747315022.2353892
4061,1747315022.2403998
4062,1747315022.2444172
4063,1747315022.257845
4064,1747315022.2628572
4065,1747315022.2682827
4066,1747315022.276545
4067,1747315022.2858002
4068,1747315022.2906222
4069,1747315022.2996385
4070,1747315022.3041406
4071,1747315022.3091722
4072,1747315022.322371
4073,1747315022.3273408
4074,1747315022.3322222
4075,1747315022.3367295
4076,1747315022.341765
4077,1747315022.3552592
4078,1747315022.3595679
4079,1747315022.3645291
4080,1747315022.369748
4081,1747315022.377557
4082,1747315022.387834
4083,1747315022.3964512
4084,1747315022.400959
4085,1747315022.4054701
4086,1747315022.410565
4087,1747315022.423692
4088,1747315022.4284687
4089,1747315022.4334738
4090,1747315022.438646
4091,1747315022.4471881
4092,1747315022.4567447
4093,1747315022.4617627
4094,1747315022.4662728
4095,1747315022.4752927
4096,1747315022.478837
4097,1747315022.4929397
4098,1747315022.4978096
4099,1747315022.5026937
4100,1747315022.5077033
4101,1747315022.5117319
4102,1747315022.52564
4103,1747315022.5305068
4104,1747315022.535019
4105,1747315022.5392318
4106,1747315022.5487487
4107,1747315022.5586665
4108,1747315022.56318
4109,1747315022.5717237
4110,1747315022.5762315
4111,1747315022.59049
4112,1747315022.594638
4113,1747315022.5995462
4114,1747315022.604396
4115,1747315022.60943
4116,1747315022.6181614
4117,1747315022.627531
4118,1747315022.6320398
4119,1747315022.64055
4120,1747315022.6461277
4121,1747315022.6551592
4122,1747315022.663669
4123,1747315022.6689243
4124,1747315022.6740694
4125,1747315022.6785743
4126,1747315022.6920743
4127,1747315022.6965754
4128,1747315022.7017076
4129,1747315022.709742
4130,1747315022.7147553
4131,1747315022.724259
4132,1747315022.7324538
4133,1747315022.737738
4134,1747315022.7427533
4135,1747315022.7472603
4136,1747315022.760751
4137,1747315022.7652605
4138,1747315022.770436
4139,1747315022.7791586
4140,1747315022.7836661
4141,1747315022.7936752
4142,1747315022.798187
4143,1747315022.8067095
4144,1747315022.8116295
4145,1747315022.816501
4146,1747315022.8258507
4147,1747315022.8304014
4148,1747315022.839108
4149,1747315022.8441505
4150,1747315022.848657
4151,1747315022.8623135
4152,1747315022.8665073
4153,1747315022.8721042
4154,1747315022.8806205
4155,1747315022.8853366
4156,1747315022.8953624
4157,1747315022.8988667
4158,1747315022.908391
4159,1747315022.9129071
4160,1747315022.918011
4161,1747315022.9313495
4162,1747315022.9358554
4163,1747315022.940662
4164,1747315022.9487672
4165,1747315022.9592428
4166,1747315022.9672692
4167,1747315022.9725492
4168,1747315022.9770525
4169,1747315022.9815557
4170,1747315022.9905653
4171,1747315023.0005841
4172,1747315023.0050976
4173,1747315023.009767
4174,1747315023.017921
4175,1747315023.0284429
4176,1747315023.032448
4177,1747315023.041391
4178,1747315023.0458455
4179,1747315023.050276
4180,1747315023.0643067
4181,1747315023.0688186
4182,1747315023.0738358
4183,1747315023.0824468
4184,1747315023.0869975
4185,1747315023.1007583
4186,1747315023.1046536
4187,1747315023.1106632
4188,1747315023.1152534
4189,1747315023.1241817
4190,1747315023.1337535
4191,1747315023.138258
4192,1747315023.1427658
4193,1747315023.1512375
4194,1747315023.1562772
4195,1747315023.1687813
4196,1747315023.1737974
4197,1747315023.1828718
4198,1747315023.1874235
4199,1747315023.1972945
4200,1747315023.2063134
4201,1747315023.2103803
4202,1747315023.2158947
4203,1747315023.220448
4204,1747315023.2294648
4205,1747315023.2384748
4206,1747315023.2429888
4207,1747315023.2515037
4208,1747315023.2564712
4209,1747315023.270536
4210,1747315023.2746634
4211,1747315023.2794852
4212,1747315023.2846987
4213,1747315023.292732
4214,1747315023.3027432
4215,1747315023.3072944
4216,1747315023.3164601
4217,1747315023.3204257
4218,1747315023.3254724
4219,1747315023.3389854
4220,1747315023.3434932
4221,1747315023.3484178
4222,1747315023.3569703
4223,1747315023.3670547
4224,1747315023.3717859
4225,1747315023.3803291
4226,1747315023.385332
4227,1747315023.3903306
4228,1747315023.3994966
4229,1747315023.4046419
4230,1747315023.409649
4231,1747315023.4177547
4232,1747315023.4229438
4233,1747315023.4279566
4234,1747315023.4324603
4235,1747315023.43764
4236,1747315023.4456453
4237,1747315023.4503872
4238,1747315023.4555523
4239,1747315023.4607575
4240,1747315023.4686575
4241,1747315023.4738495
4242,1747315023.4781222
4243,1747315023.4837298
